id,first_name,last_name,email,username,password,country
1,Chrystel,Rickword,crickword0@multiply.com,crickword0,dG2SpGGFZ,Finland
2,Agna,Mc Trusty,amctrusty1@nydailynews.com,amctrusty1,M0VjCkSXmc5,Russia
3,Wilfrid,Atterley,watterley2@slate.com,watterley2,VDt9st7egO,Russia
4,Ario,Fley,afley3@columbia.edu,afley3,NfZ4qmwO,Poland
5,Vern,Kleiner,vkleiner4@huffingtonpost.com,vkleiner4,gzIECfoI2,Lesotho
6,Zenia,Falshaw,zfalshaw5@freewebs.com,zfalshaw5,E8XaNzgivU,Philippines
7,Debbie,Louis,dlouis6@e-recht24.de,dlouis6,R6Wi40Kfse1,Peru
8,Angelia,Frake,afrake7@php.net,afrake7,2tcSke4MXA,Indonesia
9,Chantal,O'Nolan,conolan8@nyu.edu,conolan8,KWt7XP,China
10,Solly,Waldram,swaldram9@taobao.com,swaldram9,G4mwhH,Nigeria
11,Vinita,Bernhart,vbernharta@php.net,vbernharta,HgetUnlZQK,Brazil
12,Crissie,Caughan,ccaughanb@wisc.edu,ccaughanb,9R76IS4H24tQ,Russia
13,Gina,Reader,greaderc@typepad.com,greaderc,NfHVwzTYvJNX,Argentina
14,Ferd,Pantone,fpantoned@ebay.com,fpantoned,cp9PpyEZ5m0,Netherlands
15,Ossie,Tropman,otropmane@nationalgeographic.com,otropmane,xbDyOu4Tn,Sweden
16,Adair,Eastlake,aeastlakef@topsy.com,aeastlakef,QfKHOxYpclTo,Guinea
17,Herby,Eastman,heastmang@weather.com,heastmang,U06kELixed,China
18,Hugibert,Grewe,hgreweh@blinklist.com,hgreweh,Iua0xmN,Greece
19,Aluino,Budgey,abudgeyi@google.ca,abudgeyi,FXUGjQbw,Iran
20,Heidi,Eckert,heckertj@yolasite.com,heckertj,ahh7tm,China
21,Salaidh,Salvage,ssalvagek@altervista.org,ssalvagek,ynntqJf,Greece
22,Domenic,Jephson,djephsonl@shinystat.com,djephsonl,z9k4yAearu3,Croatia
23,Mason,Lovett,mlovettm@slideshare.net,mlovettm,yKUsqiz,Peru
24,Ralf,Dudson,rdudsonn@virginia.edu,rdudsonn,fKUwEvfUVRQ,New Zealand
25,Napoleon,Towhey,ntowheyo@surveymonkey.com,ntowheyo,H1t0MnIr,Portugal
26,Itch,Goodbarr,igoodbarrp@irs.gov,igoodbarrp,E16gjDD8oIx,Russia
27,Cyrill,Blundin,cblundinq@economist.com,cblundinq,j1UcvC,Philippines
28,Antonia,Vankin,avankinr@home.pl,avankinr,R6TkBf3oLVG,Brazil
29,Ange,Mish,amishs@hp.com,amishs,FH9HdhkRG3,Azerbaijan
30,Leopold,Jacombs,ljacombst@dell.com,ljacombst,r8j6TDviLxG,Nigeria
31,Kiley,Rushforth,krushforthu@ucla.edu,krushforthu,ERzihZbvUhGB,Sweden
32,Amargo,O'Finan,aofinanv@booking.com,aofinanv,N87NYCu,Indonesia
33,Blancha,Wilkenson,bwilkensonw@google.pl,bwilkensonw,JE8tUuK,Mexico
34,Ericha,Brierley,ebrierleyx@nytimes.com,ebrierleyx,MBTvcMt6,Serbia
35,Di,Rottgers,drottgersy@google.co.uk,drottgersy,rzKfJCojY,Indonesia
36,Eddi,Harwood,eharwoodz@xinhuanet.com,eharwoodz,zyWP1l,Palestinian Territory
37,Dewey,McGoldrick,dmcgoldrick10@mail.ru,dmcgoldrick10,FqSDWjMc4B,Indonesia
38,Allene,MacKall,amackall11@youtu.be,amackall11,QBlnOnD,Libya
39,Kristen,Aubry,kaubry12@elegantthemes.com,kaubry12,xh2HMNrWZ,Indonesia
40,Hartley,Bellocht,hbellocht13@odnoklassniki.ru,hbellocht13,QLdx9AM,China
41,Allene,Walkowski,awalkowski14@netscape.com,awalkowski14,XqRB5UbBDyz,Philippines
42,Nero,Kunzler,nkunzler15@ycombinator.com,nkunzler15,45GoAEhHXA,China
43,Stephi,Smiz,ssmiz16@google.co.jp,ssmiz16,6zWIvMTx,Japan
44,Ulysses,De Cleen,udecleen17@csmonitor.com,udecleen17,oO1KZB1XzWp,Sweden
45,Sapphire,Kays,skays18@dailymotion.com,skays18,uNbY2s,China
46,Brunhilde,McGennis,bmcgennis19@unblog.fr,bmcgennis19,ArOUJN7,Belarus
47,Harri,Weed,hweed1a@vimeo.com,hweed1a,IuDQJ9t,Nigeria
48,Lutero,Seebright,lseebright1b@artisteer.com,lseebright1b,Pmwo3cL7,Colombia
49,Krystle,Lippo,klippo1c@comcast.net,klippo1c,Io0AmDOE7,Sweden
50,Belvia,Dufour,bdufour1d@meetup.com,bdufour1d,5oVSKq6ZyO,Peru
51,Afton,Dunlop,adunlop1e@github.com,adunlop1e,cT6Up2Duv,Syria
52,Mychal,Stoute,mstoute1f@linkedin.com,mstoute1f,e1DZ06ofHBli,China
53,Kristoforo,Fancourt,kfancourt1g@4shared.com,kfancourt1g,CrCEscBS1y,China
54,Jeffie,Winwood,jwinwood1h@elegantthemes.com,jwinwood1h,0gnXBH,Thailand
55,Fania,Mack,fmack1i@marketwatch.com,fmack1i,Wp4EsGwx,China
56,Cyndy,Hewins,chewins1j@home.pl,chewins1j,xBSTHcxF9,Finland
57,Kellsie,Corwood,kcorwood1k@marketwatch.com,kcorwood1k,iVj3a9,Cuba
58,Michal,Peek,mpeek1l@shinystat.com,mpeek1l,tDir75q,Poland
59,Hildagarde,Lomasna,hlomasna1m@newyorker.com,hlomasna1m,oXYKhAVTayzZ,China
60,Alano,Chevolleau,achevolleau1n@dropbox.com,achevolleau1n,mNKaOIEv98mB,Russia
61,Del,Basset,dbasset1o@smh.com.au,dbasset1o,1geEz09hGNa,Thailand
62,Talyah,MacLoughlin,tmacloughlin1p@un.org,tmacloughlin1p,TyMllRcE,Uruguay
63,Matthus,Staton,mstaton1q@dailymail.co.uk,mstaton1q,QBFyXjNv,Philippines
64,Fay,Nares,fnares1r@wikipedia.org,fnares1r,foM6QHT7Bf,France
65,Rubina,Bridges,rbridges1s@hubpages.com,rbridges1s,uS7P2HKOJS,China
66,Jeane,Carluccio,jcarluccio1t@wufoo.com,jcarluccio1t,mTXZCDwySuww,Azerbaijan
67,Berke,O'Connor,boconnor1u@gov.uk,boconnor1u,GDsSYGi,Czech Republic
68,Debora,Foote,dfoote1v@abc.net.au,dfoote1v,dbXCJeN,Iran
69,Roanna,Domino,rdomino1w@elpais.com,rdomino1w,16OBzP,Venezuela
70,Zolly,Hillhouse,zhillhouse1x@phpbb.com,zhillhouse1x,UM8aq8ZjU,China
71,Oren,McNeely,omcneely1y@live.com,omcneely1y,rUyx1AP,Sweden
72,Nettle,Skipp,nskipp1z@pagesperso-orange.fr,nskipp1z,W5dEwwI,Indonesia
73,Domenico,Footitt,dfootitt20@samsung.com,dfootitt20,SQA2SXvKSW,Colombia
74,Elka,Hollebon,ehollebon21@scribd.com,ehollebon21,BNesKuZRZHck,China
75,Hendrick,Goodburn,hgoodburn22@techcrunch.com,hgoodburn22,RDNmJsx,Indonesia
76,Netta,Zorzoni,nzorzoni23@marriott.com,nzorzoni23,LH45mi2T,Philippines
77,Ottilie,Deddum,odeddum24@sciencedirect.com,odeddum24,zTCJEFq5m,Guatemala
78,Dani,Risebrow,drisebrow25@mapquest.com,drisebrow25,JuEwUthpqjv,China
79,Klarrisa,Jeavons,kjeavons26@newsvine.com,kjeavons26,j10Z421R,Brazil
80,Emile,Schonfeld,eschonfeld27@samsung.com,eschonfeld27,maDJ9jTgjwN,Cuba
81,Cyrus,Carnie,ccarnie28@clickbank.net,ccarnie28,wNLRsjBdsvJh,Russia
82,Julius,Widdall,jwiddall29@delicious.com,jwiddall29,fHmmqF1XUsLY,Greece
83,Juline,Andriulis,jandriulis2a@tamu.edu,jandriulis2a,bkPvkU,Azerbaijan
84,Billy,Ryce,bryce2b@harvard.edu,bryce2b,qeJhwl0n,United States
85,Katheryn,Zamorrano,kzamorrano2c@geocities.com,kzamorrano2c,YoUzGKnvVzI,Vietnam
86,Nora,O' Flaherty,noflaherty2d@lycos.com,noflaherty2d,u41tc3EHWk,Venezuela
87,Mitchael,Reeve,mreeve2e@google.com.au,mreeve2e,IlskAWhOI,China
88,Jyoti,Lohering,jlohering2f@engadget.com,jlohering2f,WtwYtiHpvm,Bosnia and Herzegovina
89,Deny,Sturgess,dsturgess2g@list-manage.com,dsturgess2g,3mUNFuab,Peru
90,Devina,Burch,dburch2h@telegraph.co.uk,dburch2h,EazGKKncdL,China
91,Dido,Whatford,dwhatford2i@nifty.com,dwhatford2i,jWUwWF1CYSb,China
92,Cody,Glinde,cglinde2j@google.de,cglinde2j,E3uiN6gW28N,Portugal
93,Melinde,Checkley,mcheckley2k@discovery.com,mcheckley2k,qIbjXK,Uganda
94,Reilly,Plowright,rplowright2l@stumbleupon.com,rplowright2l,AmlUTCDh,China
95,Sherwood,McQuarter,smcquarter2m@upenn.edu,smcquarter2m,jcB5DSloEy,Indonesia
96,Mel,Etches,metches2n@businessweek.com,metches2n,COrzMG,China
97,Callie,Andreutti,candreutti2o@nps.gov,candreutti2o,9a7SYgYOdn,Russia
98,Rachael,Treadgall,rtreadgall2p@alibaba.com,rtreadgall2p,TNx84q,France
99,Kevan,Mumbey,kmumbey2q@topsy.com,kmumbey2q,uVFL8u,Nigeria
100,Kathryne,Gorman,kgorman2r@biblegateway.com,kgorman2r,tFy2MosOwQ,China
101,Marne,Brooke,mbrooke2s@uol.com.br,mbrooke2s,ktHTyQR5n,Philippines
102,Dani,Tooby,dtooby2t@google.fr,dtooby2t,cth3iA,Indonesia
103,Cesya,Andrasch,candrasch2u@hexun.com,candrasch2u,gaaZPN,China
104,Parry,Barnby,pbarnby2v@barnesandnoble.com,pbarnby2v,NSVRJRv,China
105,Juan,Hamerton,jhamerton2w@flickr.com,jhamerton2w,xvpBBW4A,China
106,Deva,Hasted,dhasted2x@yellowpages.com,dhasted2x,poUIWmaiiar,Costa Rica
107,Seth,Eckart,seckart2y@statcounter.com,seckart2y,vXfDcCtTzyBH,Portugal
108,Norri,Spears,nspears2z@eventbrite.com,nspears2z,xotIFkS8tt5x,Albania
109,Reid,Barca,rbarca30@springer.com,rbarca30,tc1kCRJZgnDc,Indonesia
110,Magdalene,Tierny,mtierny31@hugedomains.com,mtierny31,DZXWEXv,Finland
111,Pearline,Bickersteth,pbickersteth32@domainmarket.com,pbickersteth32,gJlj9Skfd,United States
112,Mahalia,Heddon,mheddon33@dot.gov,mheddon33,qFi42Fk,China
113,Geordie,Ferfulle,gferfulle34@comsenz.com,gferfulle34,yMDyo3heyP,Indonesia
114,Rasia,Manuely,rmanuely35@tiny.cc,rmanuely35,TqzzMt,Argentina
115,Lanny,Simanenko,lsimanenko36@sun.com,lsimanenko36,FtBnF6W0jG,Mongolia
116,Shelton,Viscovi,sviscovi37@patch.com,sviscovi37,rTQPEmcE,Argentina
117,Beniamino,Breeder,bbreeder38@eventbrite.com,bbreeder38,EbBZA3hk2UA,Indonesia
118,Seline,Snelman,ssnelman39@columbia.edu,ssnelman39,iV1kTOp,France
119,Giff,Mayze,gmayze3a@freewebs.com,gmayze3a,XSIUlysh,China
120,Paulette,Horbart,phorbart3b@pbs.org,phorbart3b,3xjBut,Finland
121,Titus,Connikie,tconnikie3c@sbwire.com,tconnikie3c,JEjSoGj,China
122,Tani,Bleacher,tbleacher3d@deviantart.com,tbleacher3d,ntSGRlL6y,China
123,Enriqueta,Middleweek,emiddleweek3e@mit.edu,emiddleweek3e,bojIPMk4xRlC,Bulgaria
124,Fowler,Pauleau,fpauleau3f@samsung.com,fpauleau3f,Bs8ZlxjN,Serbia
125,Pete,Warlaw,pwarlaw3g@va.gov,pwarlaw3g,7m4ugBBYbZV,Philippines
126,Giusto,Le Page,glepage3h@ihg.com,glepage3h,UPwdTc,Indonesia
127,Keefe,Gabits,kgabits3i@statcounter.com,kgabits3i,h7kJJuS4aVN,Russia
128,Denys,Dugall,ddugall3j@topsy.com,ddugall3j,2PTqRzmABT,Thailand
129,Jessamyn,Gairdner,jgairdner3k@jalbum.net,jgairdner3k,WVRN2i,China
130,Zea,Di Bartolomeo,zdibartolomeo3l@friendfeed.com,zdibartolomeo3l,Icz9U4e,Armenia
131,Nadya,Titman,ntitman3m@latimes.com,ntitman3m,D1dkJtu2H,Afghanistan
132,Iris,Beames,ibeames3n@meetup.com,ibeames3n,kK07OSzMGnW,Indonesia
133,Lonnard,Kubec,lkubec3o@phoca.cz,lkubec3o,yILMvThjlIOg,Argentina
134,Adriane,Chismon,achismon3p@imgur.com,achismon3p,gfjXtd,China
135,Liza,Loftie,lloftie3q@tinyurl.com,lloftie3q,CU59weq,Yemen
136,Correy,Gozzard,cgozzard3r@typepad.com,cgozzard3r,PxmRYvGGH8,China
137,Hurley,MacQuist,hmacquist3s@blinklist.com,hmacquist3s,YU8N8Yu,Russia
138,Christophe,Culross,cculross3t@51.la,cculross3t,IczXm4pZjz7,Norway
139,Grantley,Grzeskowski,ggrzeskowski3u@cdbaby.com,ggrzeskowski3u,M05rokz,Armenia
140,Clarette,Worcs,cworcs3v@wufoo.com,cworcs3v,sKTG0X7v0rc,Brazil
141,Griz,Senten,gsenten3w@geocities.com,gsenten3w,7wdmxRemN,China
142,Merle,Currin,mcurrin3x@alibaba.com,mcurrin3x,vH2fL87,United States
143,Matteo,Tanti,mtanti3y@netlog.com,mtanti3y,HBAtmFw,Mozambique
144,Leanora,Stobbes,lstobbes3z@rambler.ru,lstobbes3z,Ek2uF37,South Africa
145,Anders,Keyte,akeyte40@sbwire.com,akeyte40,xjTzIppMvQPx,Italy
146,Tymon,Tincey,ttincey41@digg.com,ttincey41,qudUU5c,Indonesia
147,Shurlocke,Petty,spetty42@google.com.au,spetty42,MVJk0K4ac,Mexico
148,Alleen,MacKaile,amackaile43@washingtonpost.com,amackaile43,4RHtYVw,Philippines
149,Nataniel,Grassett,ngrassett44@yahoo.com,ngrassett44,LDeWLwQ,Paraguay
150,Tedi,Napier,tnapier45@tmall.com,tnapier45,TUWdAWM,Russia
151,Adolpho,Bagnell,abagnell46@google.pl,abagnell46,aBYEdy,Croatia
152,Meggie,Vardey,mvardey47@accuweather.com,mvardey47,z4j6EkxTJrX,Brazil
153,Willyt,Monroe,wmonroe48@toplist.cz,wmonroe48,TKfqDYKg,Yemen
154,Daile,Scowcroft,dscowcroft49@globo.com,dscowcroft49,1HeicHgzXfGf,Bulgaria
155,Karly,Rugg,krugg4a@hc360.com,krugg4a,BmUx0K,China
156,Gerri,Stranio,gstranio4b@usda.gov,gstranio4b,FxCRtIeTbA,Indonesia
157,Odele,Olyunin,oolyunin4c@umn.edu,oolyunin4c,V1lD6gc,China
158,Corabella,Eastway,ceastway4d@discuz.net,ceastway4d,xD1cROfd9ebn,China
159,James,Fincham,jfincham4e@newyorker.com,jfincham4e,7GRWt2i7,Guatemala
160,Margarethe,Durrant,mdurrant4f@walmart.com,mdurrant4f,kAFH2ibrKfl5,Egypt
161,Ysabel,Dovidian,ydovidian4g@marriott.com,ydovidian4g,txOeST36SqUk,United States
162,Hayden,Goggen,hgoggen4h@sfgate.com,hgoggen4h,B5gg3W,Brazil
163,Brewer,Fronek,bfronek4i@flavors.me,bfronek4i,BYPTV7xY7sB,Mongolia
164,Booth,Danielut,bdanielut4j@desdev.cn,bdanielut4j,ana42uRTqy,Thailand
165,Kylie,Conahy,kconahy4k@state.gov,kconahy4k,2evs4X,Russia
166,Rufus,Bubbins,rbubbins4l@youtu.be,rbubbins4l,4qHYOKnu,Poland
167,Ephraim,Calkin,ecalkin4m@stanford.edu,ecalkin4m,DFwScLlZxyq,China
168,Mela,Weakley,mweakley4n@cbsnews.com,mweakley4n,mJYOHLk,Uganda
169,Eldin,Swaffield,eswaffield4o@intel.com,eswaffield4o,FHxRlojq,China
170,Hedwig,Bruhnke,hbruhnke4p@etsy.com,hbruhnke4p,7E13Lfgpyu,Tunisia
171,Nikolia,Talboy,ntalboy4q@fastcompany.com,ntalboy4q,rrPILdZA1,Philippines
172,Ava,Grew,agrew4r@walmart.com,agrew4r,0Mubokg1x,China
173,Donica,Pennino,dpennino4s@cam.ac.uk,dpennino4s,EgLOwt,Jordan
174,Jandy,Giacobilio,jgiacobilio4t@loc.gov,jgiacobilio4t,3auEkZzAS,China
175,Elvira,Carnock,ecarnock4u@issuu.com,ecarnock4u,Oiqzj3HfkP,Vietnam
176,Leigh,Duncklee,lduncklee4v@loc.gov,lduncklee4v,2brMMkrrd,China
177,Helaina,Camelin,hcamelin4w@imageshack.us,hcamelin4w,wWf2fUNu,Indonesia
178,Molly,Corradi,mcorradi4x@china.com.cn,mcorradi4x,yVmZrrbTL,Luxembourg
179,Thibaud,Dimitru,tdimitru4y@ibm.com,tdimitru4y,0P9mRbkFZt,Portugal
180,Bartholemy,Ubsdell,bubsdell4z@123-reg.co.uk,bubsdell4z,TPnlqv,Indonesia
181,Shaw,Tuffrey,stuffrey50@4shared.com,stuffrey50,vYw7GHd,Indonesia
182,Marysa,Kauschke,mkauschke51@friendfeed.com,mkauschke51,UmUGw1VCo,Philippines
183,Johanna,Rasp,jrasp52@4shared.com,jrasp52,xXGN9S,Jordan
184,Adriane,Corroyer,acorroyer53@dyndns.org,acorroyer53,W2Onc3CpS,Cyprus
185,Hilary,Kleis,hkleis54@blog.com,hkleis54,wMvsHy0lm4,United States
186,Virgil,Laurentino,vlaurentino55@webmd.com,vlaurentino55,huPhZAGO1Exd,South Africa
187,Kiele,Gawler,kgawler56@arstechnica.com,kgawler56,0azWJ8bDfyR3,United States
188,Taddeo,Klosa,tklosa57@illinois.edu,tklosa57,apOrD4Hgh4u,Sweden
189,Danyelle,Bathurst,dbathurst58@ucoz.com,dbathurst58,bn70Kna65an,Ukraine
190,Tracy,Pinniger,tpinniger59@discovery.com,tpinniger59,OC9g0DSQCyR,Germany
191,Rayshell,Muffen,rmuffen5a@addtoany.com,rmuffen5a,FRWxNM,Norway
192,Jenni,Lehrahan,jlehrahan5b@is.gd,jlehrahan5b,HIlvnd3noTXd,Philippines
193,Lisle,Mirralls,lmirralls5c@ustream.tv,lmirralls5c,dkPvLju9,Poland
194,Colly,Fellona,cfellona5d@cargocollective.com,cfellona5d,wsPkrH,Pakistan
195,Harald,Royall,hroyall5e@toplist.cz,hroyall5e,fLRVkUXXUZF,Comoros
196,Orbadiah,Rosenboim,orosenboim5f@wsj.com,orosenboim5f,0bsmZR7nAQYf,Philippines
197,Tilda,Ryall,tryall5g@europa.eu,tryall5g,DvBowRM,Philippines
198,Bert,Breache,bbreache5h@google.cn,bbreache5h,ADJUkioZXX,Argentina
199,Delcina,Claworth,dclaworth5i@a8.net,dclaworth5i,rGvuOXx77ag,Canada
200,Natalya,Dixcee,ndixcee5j@cbslocal.com,ndixcee5j,BjwyNwq,Slovakia
201,Agathe,Andri,aandri5k@cisco.com,aandri5k,dQ98UxL,Philippines
202,David,Lebbon,dlebbon5l@xing.com,dlebbon5l,XFms1wC9V,Portugal
203,Emilie,Ettridge,eettridge5m@homestead.com,eettridge5m,jeSJeAF0a9i,Armenia
204,Maridel,Giovanetti,mgiovanetti5n@admin.ch,mgiovanetti5n,EmGKIpsv,Indonesia
205,Taffy,Sparham,tsparham5o@last.fm,tsparham5o,Rire6Xa,Yemen
206,Giovanni,Shortt,gshortt5p@google.ca,gshortt5p,tSzASMXG4FG,Brazil
207,Sherrie,Polye,spolye5q@chron.com,spolye5q,IWZGFP8,Philippines
208,Shauna,Tolhurst,stolhurst5r@miitbeian.gov.cn,stolhurst5r,E5q4vytTkWz,Estonia
209,Christin,Franzoli,cfranzoli5s@indiegogo.com,cfranzoli5s,mobw8DwW,Latvia
210,Whitby,Citrine,wcitrine5t@newsvine.com,wcitrine5t,DPvEt0N6PS,Finland
211,Cody,Gomer,cgomer5u@opensource.org,cgomer5u,uDhR6S,China
212,Evangelina,Turtle,eturtle5v@chicagotribune.com,eturtle5v,JdUL5nxc,Kazakhstan
213,Alida,Boggs,aboggs5w@timesonline.co.uk,aboggs5w,WgKNo57v7er,Guatemala
214,Conny,Klimp,cklimp5x@nymag.com,cklimp5x,2Fia7U1y,Brazil
215,Christian,Edensor,cedensor5y@cnn.com,cedensor5y,ii7bbVUi20,Serbia
216,Petra,Vittore,pvittore5z@soundcloud.com,pvittore5z,IsLY9irI2,Mexico
217,Virginia,Matteris,vmatteris60@amazon.com,vmatteris60,8khHVHijN,South Africa
218,Vittoria,Moran,vmoran61@wsj.com,vmoran61,OTZ2QHwsp,Canada
219,Alameda,Driscoll,adriscoll62@flickr.com,adriscoll62,hZRGpc,Brazil
220,Cortie,Zieme,czieme63@linkedin.com,czieme63,Bc7H6dTJ0frW,Russia
221,Annamaria,Fleischer,afleischer64@issuu.com,afleischer64,lRYhEzJjTqz,Russia
222,Celina,Rope,crope65@phoca.cz,crope65,Xa4gcpVS3Md,China
223,Jemmy,McKissack,jmckissack66@ucoz.com,jmckissack66,yNKzJq,Portugal
224,Parsifal,Wohlers,pwohlers67@ezinearticles.com,pwohlers67,Vix07wJrlB,Brazil
225,Dulcie,Curnucke,dcurnucke68@1und1.de,dcurnucke68,qxJhbb24yzX,Morocco
226,Etti,Battson,ebattson69@netscape.com,ebattson69,FSsdAg3bxzAd,China
227,Kevina,Blaby,kblaby6a@ustream.tv,kblaby6a,LaShiaIogX,"Bonaire, Saint Eustatius and Saba "
228,Lorianna,Turnock,lturnock6b@nbcnews.com,lturnock6b,3BbkSMEBUf,China
229,Raff,Wernham,rwernham6c@usa.gov,rwernham6c,qPPZv0Pr,Japan
230,Oby,Aimable,oaimable6d@geocities.jp,oaimable6d,JWS6rljfknk,Liberia
231,Hilliard,Simonnot,hsimonnot6e@yahoo.co.jp,hsimonnot6e,mV0oB5EVPC07,China
232,Skippy,Fayerbrother,sfayerbrother6f@webeden.co.uk,sfayerbrother6f,pPQszhqahD,Finland
233,Berri,Balderstone,bbalderstone6g@ftc.gov,bbalderstone6g,QzMONAA,Ukraine
234,Bertha,Rebbeck,brebbeck6h@chicagotribune.com,brebbeck6h,dEezSe859O,Colombia
235,Wandis,Swarbrigg,wswarbrigg6i@archive.org,wswarbrigg6i,K1xFGaNt,Brazil
236,Parsifal,Andrioletti,pandrioletti6j@themeforest.net,pandrioletti6j,k2zJSb34N4,Poland
237,Cher,Volk,cvolk6k@etsy.com,cvolk6k,xPSNiU,Japan
238,Arther,Hallowes,ahallowes6l@tiny.cc,ahallowes6l,Ad53KBi7,Ivory Coast
239,Northrup,Wiltshier,nwiltshier6m@over-blog.com,nwiltshier6m,0gdqmL3ok,Colombia
240,Berny,Krink,bkrink6n@archive.org,bkrink6n,PvqJfIBhW,Sweden
241,Mechelle,Kix,mkix6o@cmu.edu,mkix6o,squZ65,Indonesia
242,Marena,Poizer,mpoizer6p@goodreads.com,mpoizer6p,6DPmONaLMUeZ,Peru
243,Neil,Giffaut,ngiffaut6q@simplemachines.org,ngiffaut6q,YvVF3pt4,Argentina
244,Elfreda,Sate,esate6r@cam.ac.uk,esate6r,PZoAGj,Vietnam
245,Emylee,Veldman,eveldman6s@whitehouse.gov,eveldman6s,iTa24dJ7zm,Brazil
246,Alaster,Valentinetti,avalentinetti6t@trellian.com,avalentinetti6t,6qTJ1G0,Dominican Republic
247,Dido,MacCard,dmaccard6u@cargocollective.com,dmaccard6u,t9JonhdD1,Peru
248,Kylynn,Parmenter,kparmenter6v@cornell.edu,kparmenter6v,PS8xRxjW5,China
249,Hedwiga,Copelli,hcopelli6w@mapy.cz,hcopelli6w,kamE3H1ANb3,Belarus
250,Terra,Boosey,tboosey6x@marriott.com,tboosey6x,kmj8KwsAxCK,Russia
251,Harmony,Newbold,hnewbold6y@tinypic.com,hnewbold6y,Jyu2Dv4xgEbk,China
252,Clevey,Druhan,cdruhan6z@cam.ac.uk,cdruhan6z,OTNEJACiKJS,France
253,Glory,Diss,gdiss70@rakuten.co.jp,gdiss70,294Xp845,Mexico
254,Brandea,Wilcocks,bwilcocks71@clickbank.net,bwilcocks71,HQ6sZ48AuS,Russia
255,Jarret,Bissill,jbissill72@bigcartel.com,jbissill72,K8gXIPR,United States
256,Tilly,Roose,troose73@barnesandnoble.com,troose73,kyoNY1IfIsjh,Philippines
257,Reagan,Doeg,rdoeg74@360.cn,rdoeg74,Q5lmkeoOYdvO,Indonesia
258,Silvan,Moylan,smoylan75@europa.eu,smoylan75,dIp1yTbtKI,Indonesia
259,Con,Salzberger,csalzberger76@sfgate.com,csalzberger76,V7DNbAJ,Russia
260,Brendin,Goodredge,bgoodredge77@example.com,bgoodredge77,lV3KHZZPOBX,China
261,Reinald,Trulock,rtrulock78@over-blog.com,rtrulock78,JNcRkl1jkPP,Philippines
262,Davis,Rogan,drogan79@vistaprint.com,drogan79,j0McW5yHK,Brazil
263,Blinny,Pock,bpock7a@tmall.com,bpock7a,oeZAYbSmD20k,Thailand
264,Joelle,Hoonahan,jhoonahan7b@omniture.com,jhoonahan7b,fCrTtcR,Palestinian Territory
265,Catlee,Haskins,chaskins7c@ucla.edu,chaskins7c,eHI6KPGn,China
266,Karlens,Mityukov,kmityukov7d@eepurl.com,kmityukov7d,z8IVuNOF7Lwb,Indonesia
267,Hugibert,Foskew,hfoskew7e@mapy.cz,hfoskew7e,WzbdT48mjP4W,Nigeria
268,Babette,Snowsill,bsnowsill7f@ucla.edu,bsnowsill7f,V6GGiRb,Russia
269,Claudianus,Thom,cthom7g@amazon.co.jp,cthom7g,g1fNNoLz,Russia
270,Ignace,Olenchikov,iolenchikov7h@techcrunch.com,iolenchikov7h,LPsjF8,Brazil
271,Merlina,Outerbridge,mouterbridge7i@nydailynews.com,mouterbridge7i,fwjBXpH,China
272,Tomasine,Cisco,tcisco7j@hhs.gov,tcisco7j,sFxgogDF,Russia
273,Tedi,Vaissiere,tvaissiere7k@bandcamp.com,tvaissiere7k,WX67XiX,Russia
274,Marcelia,Winscomb,mwinscomb7l@vkontakte.ru,mwinscomb7l,Wpw8ECzeUJ,Russia
275,Borg,Whaites,bwhaites7m@java.com,bwhaites7m,P1HbE8y4iUMW,Syria
276,Lindon,Loudiane,lloudiane7n@telegraph.co.uk,lloudiane7n,3N70l1Iq,Indonesia
277,Leela,Merioth,lmerioth7o@dropbox.com,lmerioth7o,U0lscB,China
278,Patience,Tiesman,ptiesman7p@thetimes.co.uk,ptiesman7p,8d8yLEU,China
279,Bert,Spear,bspear7q@amazon.co.uk,bspear7q,gj6fF7mNh6CN,Japan
280,Malvina,Perren,mperren7r@123-reg.co.uk,mperren7r,BjZghv,China
281,Giraud,Gilliard,ggilliard7s@buzzfeed.com,ggilliard7s,50FXfy,Azerbaijan
282,Saba,Kear,skear7t@prlog.org,skear7t,VKxh6qbvF4TX,Philippines
283,Rhett,Clandillon,rclandillon7u@taobao.com,rclandillon7u,u7OfCaKKT,Luxembourg
284,Chen,Wheeliker,cwheeliker7v@engadget.com,cwheeliker7v,bLiQMTrR,Argentina
285,Currey,Hulcoop,chulcoop7w@nationalgeographic.com,chulcoop7w,HIRpTd,China
286,Roderic,Spavins,rspavins7x@bravesites.com,rspavins7x,JQmETEvinJ,Greece
287,Tadio,Holtaway,tholtaway7y@wordpress.org,tholtaway7y,jFniwXn,Palestinian Territory
288,Tanney,Ragdale,tragdale7z@techcrunch.com,tragdale7z,Jj3Bzsl,China
289,Fredia,Harrap,fharrap80@creativecommons.org,fharrap80,7eqaux,Indonesia
290,Cathryn,Grigoryev,cgrigoryev81@is.gd,cgrigoryev81,8HEthNAEIK,Russia
291,Eirena,Melburg,emelburg82@ycombinator.com,emelburg82,X3Zs9AqKkU,China
292,Agnese,Leghorn,aleghorn83@feedburner.com,aleghorn83,r9tcfUlwHs71,Philippines
293,Rurik,Zavattero,rzavattero84@utexas.edu,rzavattero84,jdJIIOq1Nn,China
294,Margareta,Rockcliffe,mrockcliffe85@harvard.edu,mrockcliffe85,MhGAMQz,Indonesia
295,Heidie,Prebble,hprebble86@businessweek.com,hprebble86,LLoCW4iM,Brazil
296,Carolyn,Kerrich,ckerrich87@wikimedia.org,ckerrich87,ZBhtZvb,Brazil
297,Skippie,Drexel,sdrexel88@ibm.com,sdrexel88,EBOVlqTmba3u,Canada
298,Alick,Paula,apaula89@1und1.de,apaula89,sOiLL4,Spain
299,Maia,Minger,mminger8a@miitbeian.gov.cn,mminger8a,YylfZawzSGE,Portugal
300,Cassi,Kebell,ckebell8b@omniture.com,ckebell8b,pDRRkmUHGWlf,South Africa
301,Mozelle,Fuller,mfuller8c@google.nl,mfuller8c,MCgAcavocbb,United States
302,Vita,Carnaman,vcarnaman8d@scientificamerican.com,vcarnaman8d,wB74vFKk,Russia
303,Kory,Steuart,ksteuart8e@china.com.cn,ksteuart8e,l2XyTL,Indonesia
304,Idette,Gerriets,igerriets8f@china.com.cn,igerriets8f,ptbjrWV,Lebanon
305,Reagan,Leathers,rleathers8g@google.com,rleathers8g,1LjePZuywSk,Brazil
306,Maxy,Bampforth,mbampforth8h@dropbox.com,mbampforth8h,iCwbdCxE,Indonesia
307,Bobbe,Wrassell,bwrassell8i@prlog.org,bwrassell8i,jHdUDj,Greece
308,Inglis,Foyster,ifoyster8j@rediff.com,ifoyster8j,mg8H6ZMozbr,Moldova
309,Rici,MacDirmid,rmacdirmid8k@google.it,rmacdirmid8k,uy8yWJl3G7c7,Argentina
310,Agata,Chander,achander8l@qq.com,achander8l,b6k44hg,Indonesia
311,Penelopa,Gurnee,pgurnee8m@unesco.org,pgurnee8m,dm99LhMpuB2r,United States
312,Conni,Kolyagin,ckolyagin8n@pagesperso-orange.fr,ckolyagin8n,XY16eT7Ek9CT,China
313,Wendye,Willetts,wwilletts8o@craigslist.org,wwilletts8o,2XOQAp3pnP,Portugal
314,Elsey,Manthorpe,emanthorpe8p@flavors.me,emanthorpe8p,fN3XklMM,Colombia
315,Bobbe,Krol,bkrol8q@aol.com,bkrol8q,TV7XcpJi4X,Ukraine
316,Aland,Conlaund,aconlaund8r@yellowpages.com,aconlaund8r,2TjXSfnV46y2,China
317,Raymond,Spataro,rspataro8s@ucoz.ru,rspataro8s,KOGmnp,Trinidad and Tobago
318,Orville,Francescozzi,ofrancescozzi8t@rambler.ru,ofrancescozzi8t,QmGWobm,Mongolia
319,Doris,Carter,dcarter8u@prlog.org,dcarter8u,anoTkz5J7U9Z,Thailand
320,Van,Tench,vtench8v@nasa.gov,vtench8v,lvWZ1Q,Cameroon
321,Lazaro,Shorrock,lshorrock8w@de.vu,lshorrock8w,rD6RYLFhFe,Japan
322,Josepha,Jandl,jjandl8x@google.cn,jjandl8x,F3XepH,China
323,Merilyn,McGuane,mmcguane8y@dedecms.com,mmcguane8y,ag2j2elYU6,China
324,Brandais,Pantin,bpantin8z@symantec.com,bpantin8z,5wkM2xJ,Russia
325,Creigh,Sykes,csykes90@ehow.com,csykes90,Rx6hDy,Indonesia
326,Pammy,Finlan,pfinlan91@privacy.gov.au,pfinlan91,QmKIe7eWrd,Pakistan
327,Ford,Deverall,fdeverall92@amazonaws.com,fdeverall92,L9CiNc0hi,Bulgaria
328,Nolie,Lapley,nlapley93@example.com,nlapley93,Hk1cSh5,Mexico
329,Tiffanie,Hassard,thassard94@scribd.com,thassard94,ql1zgTGmocFq,Brazil
330,Mandi,Mouget,mmouget95@mysql.com,mmouget95,uF9tM2izLE,Indonesia
331,Eugine,Liell,eliell96@posterous.com,eliell96,kdvQk3bCaQBA,Philippines
332,Alene,Dinnies,adinnies97@cdbaby.com,adinnies97,SQD9EpoJs7t,China
333,Jory,Flello,jflello98@devhub.com,jflello98,zHVrXuses,Colombia
334,Angelique,Gethyn,agethyn99@economist.com,agethyn99,zAOGY5uqWuto,Indonesia
335,Kirsti,Willmont,kwillmont9a@netscape.com,kwillmont9a,75CPVfSmf,Japan
336,Wilmer,Beedle,wbeedle9b@free.fr,wbeedle9b,Zmy82Q,China
337,Aloin,Letts,aletts9c@hatena.ne.jp,aletts9c,yMC5P29VxBP,Guinea
338,Ashlen,Lorryman,alorryman9d@vkontakte.ru,alorryman9d,FkZszQBDxjD0,China
339,Germain,Golby,ggolby9e@aboutads.info,ggolby9e,sgesTprUHm,China
340,Adda,Lewsey,alewsey9f@webmd.com,alewsey9f,mjrhlpGPPANA,Cameroon
341,Thorny,Whitten,twhitten9g@goo.gl,twhitten9g,LmF9H5HE,China
342,Leicester,Hurlestone,lhurlestone9h@sina.com.cn,lhurlestone9h,GJqnfm6ou,Russia
343,Eward,Portinari,eportinari9i@oakley.com,eportinari9i,WsNpXDs,Ivory Coast
344,Nesta,Kaminski,nkaminski9j@merriam-webster.com,nkaminski9j,tnJmOeY6dIe,France
345,Nance,Heibel,nheibel9k@google.it,nheibel9k,0AvWPrlaN,Poland
346,Ray,Dawidowicz,rdawidowicz9l@canalblog.com,rdawidowicz9l,8lszDUWZPk5,Russia
347,Addia,Battin,abattin9m@youtu.be,abattin9m,Ep9rl2bblSM,Ukraine
348,Brittaney,Snary,bsnary9n@ow.ly,bsnary9n,AeTOJ3ui0eUJ,Greece
349,Alexia,Betteson,abetteson9o@hc360.com,abetteson9o,lHmnOGKm3AW,Russia
350,Urbanus,Montrose,umontrose9p@newyorker.com,umontrose9p,NtKqx69,China
351,Fabiano,Deeming,fdeeming9q@yelp.com,fdeeming9q,gd9OF5wlW,Indonesia
352,Channa,Frood,cfrood9r@reference.com,cfrood9r,g4ITzDk,Philippines
353,Currie,Kemet,ckemet9s@cnet.com,ckemet9s,p820sPWO47,China
354,Melisse,Donlon,mdonlon9t@constantcontact.com,mdonlon9t,MkV8irKr,Russia
355,Kiley,Tax,ktax9u@nhs.uk,ktax9u,W6twatMzdh3,France
356,Tiffany,Estoile,testoile9v@yahoo.co.jp,testoile9v,jKmsLDX,Indonesia
357,Letty,Sturt,lsturt9w@ucoz.ru,lsturt9w,dNPsPkqsY,Russia
358,Kent,Chaffin,kchaffin9x@networksolutions.com,kchaffin9x,duO8S6,Slovenia
359,Taylor,Aleavy,taleavy9y@123-reg.co.uk,taleavy9y,CCYhAd12xxH,Czech Republic
360,Owen,Wheble,owheble9z@jiathis.com,owheble9z,ulbpo6,Brazil
361,Ertha,Dobbings,edobbingsa0@salon.com,edobbingsa0,0EF5GOpNz2IJ,Canada
362,Rafferty,Darrigoe,rdarrigoea1@usa.gov,rdarrigoea1,zoUHmgh73,Russia
363,Edita,Hordle,ehordlea2@mozilla.com,ehordlea2,HVbVxRPt6N8w,Indonesia
364,Briana,Moorhouse,bmoorhousea3@ucoz.ru,bmoorhousea3,qWM6RyWa,China
365,Brien,Brimmicombe,bbrimmicombea4@google.com.hk,bbrimmicombea4,l1WbWOMmgQRr,Kazakhstan
366,Diana,Handrok,dhandroka5@e-recht24.de,dhandroka5,DHtfL2cvRP,Poland
367,Spencer,Vearnals,svearnalsa6@mayoclinic.com,svearnalsa6,11JpynzoJfG,Albania
368,Frieda,Juste,fjustea7@slideshare.net,fjustea7,V8cYSxMmVGBK,Sweden
369,Padraic,Siviour,psivioura8@xinhuanet.com,psivioura8,5jqElPpULS,Pakistan
370,Aridatha,Curry,acurrya9@salon.com,acurrya9,wVp1aI368djA,Greece
371,Sharon,Tregent,stregentaa@ucoz.com,stregentaa,6yFNkoTdG7s,United States
372,Mahmud,Klosser,mklosserab@pagesperso-orange.fr,mklosserab,EApZ82HsqtP,France
373,Ada,Duckitt,aduckittac@mashable.com,aduckittac,8NSlmdBdtp1,Brazil
374,Brinna,Baitman,bbaitmanad@ftc.gov,bbaitmanad,a34WYBVZkcm,Costa Rica
375,Vinni,Newborn,vnewbornae@reddit.com,vnewbornae,YIs7aGmRm5,Indonesia
376,Vivien,Fullick,vfullickaf@rakuten.co.jp,vfullickaf,RSwzfFG,Germany
377,Knox,Aberchirder,kaberchirderag@acquirethisname.com,kaberchirderag,m3Es6fkQ,Nigeria
378,Mayne,Madle,mmadleah@gizmodo.com,mmadleah,HQaXTn66N,Ecuador
379,Paxon,Luto,plutoai@hud.gov,plutoai,KX1ucDgmo5DC,Paraguay
380,Bride,Verrill,bverrillaj@unesco.org,bverrillaj,znAjDSvAi8AX,Ukraine
381,Alf,Lanfear,alanfearak@admin.ch,alanfearak,tE27iOI,Chile
382,Rebeka,Scotchbrook,rscotchbrookal@ycombinator.com,rscotchbrookal,gvv4oWhz,Armenia
383,Patin,Torpie,ptorpieam@indiatimes.com,ptorpieam,ATMWEliNmGc,Portugal
384,Kaia,Kennon,kkennonan@cornell.edu,kkennonan,L7iVu79GXiP,Republic of the Congo
385,Mort,Sey,mseyao@illinois.edu,mseyao,RvwqS1A4,Russia
386,Lorne,Benini,lbeniniap@paypal.com,lbeniniap,rLTGs2qS,Turkmenistan
387,Hattie,Suche,hsucheaq@mayoclinic.com,hsucheaq,ltYXkuF,Indonesia
388,Clotilda,Jerger,cjergerar@jigsy.com,cjergerar,TfbfBn794imX,Martinique
389,Anet,Morales,amoralesas@nifty.com,amoralesas,jDZ7K5bH9v,Mauritania
390,Sapphira,Sollars,ssollarsat@flavors.me,ssollarsat,I2EdBNoP,China
391,Danya,Pickrill,dpickrillau@angelfire.com,dpickrillau,DQcc4v706Ix,Indonesia
392,Maddie,Osichev,mosichevav@drupal.org,mosichevav,gd4biS,Ireland
393,Gino,Delbergue,gdelbergueaw@mozilla.org,gdelbergueaw,rz7z9p,Ecuador
394,Vassily,Knottley,vknottleyax@etsy.com,vknottleyax,M0l7tcb,China
395,Arney,Warden,awardenay@cloudflare.com,awardenay,zDk3abvToV,Finland
396,Renata,Dohms,rdohmsaz@bizjournals.com,rdohmsaz,0V13mWD6UR,Indonesia
397,Archibold,Geer,ageerb0@over-blog.com,ageerb0,wk2ELMgKN,Indonesia
398,Gerry,Mandifield,gmandifieldb1@blinklist.com,gmandifieldb1,jf4qGGfcQGg,Sweden
399,Garrett,Tomblin,gtomblinb2@buzzfeed.com,gtomblinb2,mjFCIlG9pc,China
400,Janaye,Dettmar,jdettmarb3@mtv.com,jdettmarb3,uF3skX7mfk8C,Chad
401,Paton,Kingcott,pkingcottb4@feedburner.com,pkingcottb4,Qdw0fdi,Saudi Arabia
402,Ilsa,Cattellion,icattellionb5@pagesperso-orange.fr,icattellionb5,A4tohaQKa,China
403,Eugenie,Surgen,esurgenb6@slashdot.org,esurgenb6,UiJS2VzNHV,Brazil
404,Biron,Balsillie,bbalsillieb7@msu.edu,bbalsillieb7,vCtWPz,Tanzania
405,Loutitia,Alderwick,lalderwickb8@ox.ac.uk,lalderwickb8,OIYs7x,South Korea
406,Ree,de Grey,rdegreyb9@accuweather.com,rdegreyb9,3Ah71f,Indonesia
407,Brandy,Fatscher,bfatscherba@csmonitor.com,bfatscherba,uiWQypC,Colombia
408,Brittni,Piggot,bpiggotbb@purevolume.com,bpiggotbb,IAOzgY,Serbia
409,Cathyleen,Fetherstonhaugh,cfetherstonhaughbc@noaa.gov,cfetherstonhaughbc,t5JMGuMc,China
410,Bertie,Seston,bsestonbd@skype.com,bsestonbd,gFDQDC2,Sweden
411,Francis,Sate,fsatebe@moonfruit.com,fsatebe,x4UNAZ7FDDvr,China
412,Corbin,Kaser,ckaserbf@webs.com,ckaserbf,LKVSnZo,China
413,Austen,Veque,avequebg@google.com.br,avequebg,rpgjeeuhHmU,China
414,Terrye,Cridlan,tcridlanbh@springer.com,tcridlanbh,3n6gOMC,Indonesia
415,Jan,Janatka,jjanatkabi@ifeng.com,jjanatkabi,ep4PgPhNT,Armenia
416,Randene,Whitrod,rwhitrodbj@omniture.com,rwhitrodbj,Yj9WFWb,Czech Republic
417,York,Hingeley,yhingeleybk@harvard.edu,yhingeleybk,46aKxQcQCKS,China
418,Doralin,Dearlove,ddearlovebl@china.com.cn,ddearlovebl,2dcJwB,China
419,Genny,Twidell,gtwidellbm@blinklist.com,gtwidellbm,jVY399,Poland
420,Caren,Spurling,cspurlingbn@bloglovin.com,cspurlingbn,snSPBxY2a8,South Korea
421,Beatrice,Webermann,bwebermannbo@scientificamerican.com,bwebermannbo,sagqlOx,Cameroon
422,Gae,McLleese,gmclleesebp@baidu.com,gmclleesebp,yVYEPvJFt5,Canada
423,Clemmy,Klemt,cklemtbq@google.com.br,cklemtbq,6Termt7,China
424,Luisa,Ruslen,lruslenbr@sitemeter.com,lruslenbr,52ZY9NIHNnN,Democratic Republic of the Congo
425,Barn,Huntly,bhuntlybs@vimeo.com,bhuntlybs,hymu03tSKd,Philippines
426,Mattias,Wetton,mwettonbt@sun.com,mwettonbt,8I3xrv,Indonesia
427,Antonino,Penkethman,apenkethmanbu@si.edu,apenkethmanbu,GdtmqX6Y9z,Italy
428,Corrinne,Grayne,cgraynebv@google.it,cgraynebv,gypMuq6SfIF,Indonesia
429,Rosene,Grene,rgrenebw@free.fr,rgrenebw,Z1dj0jrK,Brazil
430,Reta,Pagelsen,rpagelsenbx@godaddy.com,rpagelsenbx,rc89LEQq,Russia
431,Knox,De Hailes,kdehailesby@sbwire.com,kdehailesby,W0kFgDu,Bosnia and Herzegovina
432,Alida,Cochrane,acochranebz@dailymotion.com,acochranebz,xDtG3w8LL,Thailand
433,Clywd,Worlock,cworlockc0@live.com,cworlockc0,MFr9S0GA,Indonesia
434,Mel,Rosenhaupt,mrosenhauptc1@salon.com,mrosenhauptc1,LGReh7PR4,Lithuania
435,Trace,Copeland,tcopelandc2@go.com,tcopelandc2,IFNqgI,Czech Republic
436,Torrance,Jackson,tjacksonc3@yandex.ru,tjacksonc3,O3hTLAME,United States
437,Annabell,Tumulty,atumultyc4@opera.com,atumultyc4,LVK8zP5O,Israel
438,Bertina,Lewin,blewinc5@java.com,blewinc5,aNQz7M2,China
439,Antonetta,Rickeard,arickeardc6@drupal.org,arickeardc6,iL4U6KhENE,France
440,Obadias,Forrington,oforringtonc7@mediafire.com,oforringtonc7,KQ41gsn,Poland
441,Etan,Rendell,erendellc8@google.com.br,erendellc8,kjl7GsAXrY,Colombia
442,Melisenda,Wickersham,mwickershamc9@answers.com,mwickershamc9,yv6qipZ,Canada
443,Lynea,Peppard,lpeppardca@psu.edu,lpeppardca,eHzuGm3,China
444,Laraine,Bunce,lbuncecb@loc.gov,lbuncecb,E0C2DRGxXO0u,Honduras
445,Cassie,Lindermann,clindermanncc@google.com,clindermanncc,MO5qAeaB9VE,Poland
446,Hugo,Dunderdale,hdunderdalecd@statcounter.com,hdunderdalecd,T6WPLV,Greece
447,Rasla,Menco,rmencoce@nba.com,rmencoce,iPoaVN,Indonesia
448,Elisabetta,Jaggli,ejagglicf@mapy.cz,ejagglicf,HXq9PNtMHP,China
449,Karolina,Aingel,kaingelcg@domainmarket.com,kaingelcg,gzbA5d2in9,Russia
450,Marleah,Elsegood,melsegoodch@tripod.com,melsegoodch,gAdWPpyB3oN,Portugal
451,Meir,Josefsen,mjosefsenci@blogs.com,mjosefsenci,5hDEomskVw,Portugal
452,Jacklyn,Hagyard,jhagyardcj@nydailynews.com,jhagyardcj,GHk1yG13A78,South Africa
453,Smitty,FitzGeorge,sfitzgeorgeck@last.fm,sfitzgeorgeck,2MzaPZ,Finland
454,Winfield,Rabbage,wrabbagecl@tripadvisor.com,wrabbagecl,7k4CNjdF,China
455,Ches,Kop,ckopcm@free.fr,ckopcm,TERT33jXp1,Iran
456,Franciska,Ryder,frydercn@ow.ly,frydercn,aSRoTLYojuh,Indonesia
457,Arlyn,Learoyde,alearoydeco@timesonline.co.uk,alearoydeco,00qYpb,Indonesia
458,Nicholas,Elington,nelingtoncp@earthlink.net,nelingtoncp,UyjX1I1H,Honduras
459,Hetty,Cramphorn,hcramphorncq@msn.com,hcramphorncq,wDfhR7,China
460,Evelin,Lydon,elydoncr@lycos.com,elydoncr,CcRLgdx,Indonesia
461,Lauraine,Feaveryear,lfeaveryearcs@amazonaws.com,lfeaveryearcs,HdVABt,Brazil
462,Tan,Barkess,tbarkessct@harvard.edu,tbarkessct,CmkolNTG1RHu,Philippines
463,Agata,Raspel,araspelcu@4shared.com,araspelcu,Z6hXLJfl0S0E,Russia
464,Nilson,Addington,naddingtoncv@netvibes.com,naddingtoncv,qabOuw,Nigeria
465,Halie,Hesser,hhessercw@whitehouse.gov,hhessercw,VDy8Hb,Malaysia
466,Katine,Basey,kbaseycx@shinystat.com,kbaseycx,Tbg34fMK14,Colombia
467,Christopher,Yedall,cyedallcy@weather.com,cyedallcy,rckOzxjB,Indonesia
468,Holden,Forrestor,hforrestorcz@ucoz.com,hforrestorcz,lljuwUvJ7Bd,Indonesia
469,Michail,Gillon,mgillond0@china.com.cn,mgillond0,7Uy25Z,Syria
470,Elnore,Addicott,eaddicottd1@statcounter.com,eaddicottd1,kc1vjZUt6nBG,Indonesia
471,Jammie,Liddon,jliddond2@weibo.com,jliddond2,2eqvY75tqkia,Portugal
472,Cassandry,Benck,cbenckd3@nasa.gov,cbenckd3,7bGbtB11sf,Indonesia
473,Gusella,Jacobsen,gjacobsend4@ovh.net,gjacobsend4,XZQ9ZSVd5hRZ,Ukraine
474,Hammad,Vize,hvized5@jimdo.com,hvized5,1hay1UyD6,United States
475,Felicity,Canape,fcanaped6@zdnet.com,fcanaped6,IJGLbT5,Tanzania
476,Bryce,Molnar,bmolnard7@cafepress.com,bmolnard7,Nb4ejx,China
477,Rollie,Culligan,rculligand8@skyrock.com,rculligand8,HJTRKQtrGI,Brazil
478,Jefferey,Phripp,jphrippd9@dagondesign.com,jphrippd9,kE0tAaWEhUL5,China
479,Olia,Brokenshaw,obrokenshawda@wsj.com,obrokenshawda,bsmwLi,Indonesia
480,Wolfie,Lawford,wlawforddb@loc.gov,wlawforddb,xHhgllq5,Mongolia
481,Delano,Stebbins,dstebbinsdc@google.pl,dstebbinsdc,zHXizjs,China
482,Slade,Von Welldun,svonwelldundd@cocolog-nifty.com,svonwelldundd,YbNKAbWR5WYp,China
483,Marcello,Champneys,mchampneysde@accuweather.com,mchampneysde,DImQloHN,Greece
484,Muhammad,Trevance,mtrevancedf@flickr.com,mtrevancedf,2ooObS,United States
485,Lombard,MacLise,lmaclisedg@comsenz.com,lmaclisedg,1BVqFjZ,Italy
486,Cristobal,Garnett,cgarnettdh@theglobeandmail.com,cgarnettdh,ZolDIMG,Pakistan
487,Jodie,Tame,jtamedi@dell.com,jtamedi,NMpDzTaO,Russia
488,Tami,Digges,tdiggesdj@nyu.edu,tdiggesdj,GXudDG,Peru
489,Henrieta,Logsdail,hlogsdaildk@buzzfeed.com,hlogsdaildk,D7RuggQUzf,Thailand
490,Dorey,Mueller,dmuellerdl@mapquest.com,dmuellerdl,IWUXDsxg,Indonesia
491,Lida,Dahlborg,ldahlborgdm@nyu.edu,ldahlborgdm,5XcrMa3r0B,United States
492,Noelyn,Bedham,nbedhamdn@joomla.org,nbedhamdn,3SCEqTOwxz,Burkina Faso
493,Dede,Dankov,ddankovdo@usda.gov,ddankovdo,4S00t8vYfd,Russia
494,Randi,Di Domenico,rdidomenicodp@home.pl,rdidomenicodp,UCUYNBBxS,Panama
495,Valry,Girod,vgiroddq@cbsnews.com,vgiroddq,LnPSj3yLLbVO,United Kingdom
496,Kyla,MacAdie,kmacadiedr@constantcontact.com,kmacadiedr,HzhY5G0lKgg,Portugal
497,Jeth,Downgate,jdowngateds@nba.com,jdowngateds,r6jj7KorZpY,Madagascar
498,Kipper,Bonass,kbonassdt@wiley.com,kbonassdt,uRD83Yu,Russia
499,Freddy,Telford,ftelforddu@symantec.com,ftelforddu,nsSj4Cl,Poland
500,Althea,Spens,aspensdv@hostgator.com,aspensdv,9Qlr8L0pZ,Russia
501,Lydie,Brereton,lbreretondw@uiuc.edu,lbreretondw,UNIWgQ,Philippines
502,Rollo,Van der Velde,rvanderveldedx@yahoo.com,rvanderveldedx,1aLGdLzqMlTb,Poland
503,Neill,Bletsoe,nbletsoedy@last.fm,nbletsoedy,zlc7Mig,East Timor
504,Mattie,Welberry,mwelberrydz@ustream.tv,mwelberrydz,FYjxH6B7jl,Philippines
505,Jelene,Letford,jletforde0@t-online.de,jletforde0,n4RgMAI,Israel
506,Roxanna,Divers,rdiverse1@nasa.gov,rdiverse1,4O2BmW3M,Brazil
507,Alvinia,Gawith,agawithe2@domainmarket.com,agawithe2,wtt4qtH,China
508,Gery,Segot,gsegote3@earthlink.net,gsegote3,6dSXU8,Syria
509,Thea,Rossborough,trossboroughe4@oaic.gov.au,trossboroughe4,Gk2ijZd,Philippines
510,Heddi,Arsnell,harsnelle5@lulu.com,harsnelle5,a2GSXiTPk2kC,Israel
511,Ash,Penright,apenrighte6@dedecms.com,apenrighte6,9ONEOxwM,Philippines
512,Franny,Willimot,fwillimote7@wufoo.com,fwillimote7,BqvB4EXOyh,Indonesia
513,Alica,Writtle,awrittlee8@vinaora.com,awrittlee8,mIcw23,Uruguay
514,Karissa,Gye,kgyee9@google.pl,kgyee9,hy8b4a1,Afghanistan
515,Vilma,Tock,vtockea@is.gd,vtockea,ArCMhNSNDA,Namibia
516,Dennet,Siggs,dsiggseb@usda.gov,dsiggseb,DTioeLrS8i,Guatemala
517,Mark,Gillebride,mgillebrideec@google.fr,mgillebrideec,4MyGXlMUN30,Sweden
518,Mortimer,Itzkov,mitzkoved@ameblo.jp,mitzkoved,1wsWQtIurje,Democratic Republic of the Congo
519,Inglebert,Iles,iilesee@histats.com,iilesee,YkD7Mkv9K,Sweden
520,Deeanne,Iglesia,diglesiaef@histats.com,diglesiaef,IgtNJOb8gLTD,Armenia
521,Warde,Bresson,wbressoneg@prlog.org,wbressoneg,aW9JkU,China
522,Dacia,Remington,dremingtoneh@pinterest.com,dremingtoneh,uEHVnvs,Jordan
523,Seamus,Currie,scurrieei@reddit.com,scurrieei,icQmh1xZgH70,Indonesia
524,Corine,Tadd,ctaddej@amazon.de,ctaddej,80SNmZqo,Poland
525,Lawrence,Gecke,lgeckeek@drupal.org,lgeckeek,mZ8CCA7p,Indonesia
526,Glad,O'Carran,gocarranel@ow.ly,gocarranel,OcAxxQ1Neue,Indonesia
527,Casie,Wallbrook,cwallbrookem@nsw.gov.au,cwallbrookem,EtntLjD,Belarus
528,Nelli,Cockson,ncocksonen@nba.com,ncocksonen,DbvacrxtA5t,Kuwait
529,Heddi,Eaglen,heagleneo@usatoday.com,heagleneo,hKMlKoFs,Nigeria
530,Tommie,Collingridge,tcollingridgeep@vinaora.com,tcollingridgeep,iOUsJTfLV,Nigeria
531,Balduin,Burnep,bburnepeq@engadget.com,bburnepeq,ldxbIza3,Thailand
532,Hedwig,Noen,hnoener@independent.co.uk,hnoener,nAOZWuQez,China
533,Will,Jako,wjakoes@unc.edu,wjakoes,hGw8Pi8WScvQ,Argentina
534,Wittie,Niess,wniesset@utexas.edu,wniesset,Z5Ymskl4MVZi,Cyprus
535,Alane,Blackey,ablackeyeu@timesonline.co.uk,ablackeyeu,fk9oLQIwc,Venezuela
536,Cheslie,Postill,cpostillev@bizjournals.com,cpostillev,E9HgLqd,Sweden
537,Devin,Samarth,dsamarthew@newsvine.com,dsamarthew,swGXVZ7Ga5,Argentina
538,Iver,Clowton,iclowtonex@ox.ac.uk,iclowtonex,dUArWquEGBW,China
539,Margi,Pizey,mpizeyey@wired.com,mpizeyey,t7VZtydl,Russia
540,Hillie,Bonnar,hbonnarez@xing.com,hbonnarez,oSoCyqoo1,China
541,Gordon,Girod,ggirodf0@google.it,ggirodf0,4k0DAa6AOU,Czech Republic
542,Cher,Cruickshank,ccruickshankf1@mtv.com,ccruickshankf1,Eq939Ddh7R,Sweden
543,Raeann,Wyant,rwyantf2@discovery.com,rwyantf2,lISp8w,Indonesia
544,Dewitt,Vouls,dvoulsf3@123-reg.co.uk,dvoulsf3,tER3BI,Russia
545,Romona,Myerscough,rmyerscoughf4@webs.com,rmyerscoughf4,hFKjK4pT6,Indonesia
546,Roslyn,Malacrida,rmalacridaf5@nhs.uk,rmalacridaf5,CGOiL62H,Venezuela
547,Vickie,Cleaton,vcleatonf6@shareasale.com,vcleatonf6,swPUi9dXmev,Brazil
548,Whitman,Rotge,wrotgef7@blogtalkradio.com,wrotgef7,OtTjrcYwOqu,China
549,Eleonore,Furse,efursef8@360.cn,efursef8,XJijY7a,Indonesia
550,Nanette,MacNulty,nmacnultyf9@biblegateway.com,nmacnultyf9,994hj14BO,Colombia
551,Trevor,Sterte,tstertefa@gov.uk,tstertefa,VVRTLpzbs,Indonesia
552,Marthena,Aloway,malowayfb@diigo.com,malowayfb,Jur0lrchy,Albania
553,Auguste,Kelbie,akelbiefc@dailymail.co.uk,akelbiefc,eOPW5QG,Venezuela
554,Franz,Steedman,fsteedmanfd@aol.com,fsteedmanfd,Ket3dFI3,China
555,Wayne,Phuprate,wphupratefe@time.com,wphupratefe,3BDJI8vkCGV8,Poland
556,Charin,Anger,cangerff@friendfeed.com,cangerff,3tFFdD,Indonesia
557,Minette,Daouze,mdaouzefg@businessweek.com,mdaouzefg,QmZKia3,China
558,Renaldo,Wiggington,rwiggingtonfh@themeforest.net,rwiggingtonfh,SZ4oMJ,China
559,Langston,Dennerley,ldennerleyfi@163.com,ldennerleyfi,aowYJcYvgUB,Libya
560,Jasmina,Gammage,jgammagefj@who.int,jgammagefj,MigWDIVY,Iran
561,Courtnay,Maltster,cmaltsterfk@merriam-webster.com,cmaltsterfk,d0yFnZ39511,Afghanistan
562,Chic,Coddrington,ccoddringtonfl@vistaprint.com,ccoddringtonfl,SSgnL5Z,Azerbaijan
563,Germaine,Garbutt,ggarbuttfm@simplemachines.org,ggarbuttfm,9NvcU0,Senegal
564,Bianka,Gorman,bgormanfn@apache.org,bgormanfn,i1uBggcgQVR,Argentina
565,Gail,Romi,gromifo@drupal.org,gromifo,hx0QqtJsaKT,Sweden
566,Mae,Scrowston,mscrowstonfp@ox.ac.uk,mscrowstonfp,mc50suZ5szDW,Uganda
567,Zorah,Shrieve,zshrievefq@paginegialle.it,zshrievefq,NBWQg712AMA6,Portugal
568,Gran,Jennemann,gjennemannfr@printfriendly.com,gjennemannfr,cjU3xM,Colombia
569,Madlen,Barosch,mbaroschfs@canalblog.com,mbaroschfs,K80bc6,Brazil
570,Washington,Segges,wseggesft@gmpg.org,wseggesft,dKuv4Lhti,Syria
571,Inez,Bailes,ibailesfu@chron.com,ibailesfu,My6TzW,Senegal
572,Wallis,Raggitt,wraggittfv@businesswire.com,wraggittfv,PVoqcuj8gJLo,Japan
573,Hally,Orringe,horringefw@123-reg.co.uk,horringefw,vaO2ic7kv,Poland
574,Raina,Yesinov,ryesinovfx@ed.gov,ryesinovfx,ocMHg0T,Brazil
575,Ximenes,Hamerton,xhamertonfy@freewebs.com,xhamertonfy,2fQt36gi,South Korea
576,Arthur,Fairn,afairnfz@techcrunch.com,afairnfz,XiKgospUXCc,Philippines
577,Cheslie,Treen,ctreeng0@ycombinator.com,ctreeng0,ddL47Ox,Sweden
578,Joelynn,Tarn,jtarng1@thetimes.co.uk,jtarng1,kZoC4KI,Russia
579,Krysta,Dark,kdarkg2@google.com.br,kdarkg2,2cnA124F0zd,Argentina
580,Urbano,Trousdell,utrousdellg3@usnews.com,utrousdellg3,YwbjUD,China
581,Ophelie,Hagan,ohagang4@census.gov,ohagang4,OjpsrHhMFM,Luxembourg
582,Ariel,Gittens,agittensg5@mediafire.com,agittensg5,ZkYrNGf2,China
583,Dom,Van Der Weedenburg,dvanderweedenburgg6@bravesites.com,dvanderweedenburgg6,nYBMUFyJJQEo,Philippines
584,Ajay,A'field,aafieldg7@mapy.cz,aafieldg7,jcbFCivc0Pv,Indonesia
585,Terri-jo,Shallo,tshallog8@istockphoto.com,tshallog8,K8mMjSkGbFT5,China
586,Elias,Norcop,enorcopg9@ted.com,enorcopg9,fjUigOoFafk,Argentina
587,Zak,Loughran,zloughranga@uol.com.br,zloughranga,kTvyKnTSHvWh,Japan
588,Francisca,Heis,fheisgb@statcounter.com,fheisgb,4b1cupbuR0bG,Canada
589,Kendra,Loveard,kloveardgc@paypal.com,kloveardgc,IhnyOKE,Russia
590,Corliss,Gallyhaock,cgallyhaockgd@nhs.uk,cgallyhaockgd,R1TD785s,France
591,Lek,Kleinstub,lkleinstubge@wired.com,lkleinstubge,InYQpPw4CAZ,Germany
592,Angela,Devinn,adevinngf@qq.com,adevinngf,Q6eGSQi,Mexico
593,Noll,Galvin,ngalvingg@clickbank.net,ngalvingg,fcP0bYKCC,China
594,Costa,Martensen,cmartensengh@live.com,cmartensengh,gmVS3na63,Brazil
595,Harlin,Okie,hokiegi@livejournal.com,hokiegi,ID2H1NrEM,Portugal
596,Marji,Simonitto,msimonittogj@dailymail.co.uk,msimonittogj,4QzH22Z1yo,China
597,Ashlee,Burdis,aburdisgk@mac.com,aburdisgk,u2htQyLx,Serbia
598,Karylin,Pitone,kpitonegl@go.com,kpitonegl,2SfdfUW,Dominican Republic
599,Bren,Gude,bgudegm@google.es,bgudegm,ubISCVHR9JZ,Japan
600,Ashley,Caughtry,acaughtrygn@amazonaws.com,acaughtrygn,mwDQoI564,Colombia
601,Kipper,Kauble,kkaublego@nps.gov,kkaublego,IJvF3aLzuC,South Africa
602,Rhianon,Paxforde,rpaxfordegp@omniture.com,rpaxfordegp,4voSMB2,Brazil
603,Waldo,Birmingham,wbirminghamgq@furl.net,wbirminghamgq,QRbKVg7CcwH,Poland
604,Vivi,Mollin,vmollingr@i2i.jp,vmollingr,hg4TzHMF2BW,Chad
605,Pierrette,McCorry,pmccorrygs@stumbleupon.com,pmccorrygs,4m4H2et,Japan
606,Maxine,Scoullar,mscoullargt@ning.com,mscoullargt,I0WEKYqGQ,Poland
607,Britney,Blasik,bblasikgu@twitter.com,bblasikgu,LTi22xPhT1,United States
608,Reine,Ginie,rginiegv@cbsnews.com,rginiegv,WkINq7,Sweden
609,Maria,Gowrie,mgowriegw@soundcloud.com,mgowriegw,pl31wH,Democratic Republic of the Congo
610,Bronnie,Mayhew,bmayhewgx@smh.com.au,bmayhewgx,8JlKP2Hu5Bl3,Indonesia
611,Olav,Taverner,otavernergy@squarespace.com,otavernergy,alV2TJJR,Philippines
612,Lorene,Riley,lrileygz@nymag.com,lrileygz,XhOjopvZeRKu,China
613,Sauncho,Hillen,shillenh0@yolasite.com,shillenh0,vR9tjZR,France
614,Rupert,Wotton,rwottonh1@loc.gov,rwottonh1,jGIVTR8,Russia
615,Gilburt,Kilbee,gkilbeeh2@ihg.com,gkilbeeh2,qjCZmnkGLRy,Japan
616,Sindee,Blondin,sblondinh3@ox.ac.uk,sblondinh3,7YsLY3P,Indonesia
617,Lorain,Klampk,lklampkh4@w3.org,lklampkh4,qDAA6EkcyXw,China
618,Horatio,Drewery,hdreweryh5@reuters.com,hdreweryh5,Oiq2K7M,Russia
619,Zia,Angrock,zangrockh6@goodreads.com,zangrockh6,lkjQfcQ7,Colombia
620,Candace,Mollett,cmolletth7@techcrunch.com,cmolletth7,oYoaLuPc,Tanzania
621,Valry,Greson,vgresonh8@so-net.ne.jp,vgresonh8,Pd7gEC7,Russia
622,Scotty,Fryd,sfrydh9@yandex.ru,sfrydh9,R0aN1y4oicm,Indonesia
623,Roman,Julien,rjulienha@vk.com,rjulienha,0ZEy78YQA8Y,China
624,Mohandis,Aymeric,maymerichb@weather.com,maymerichb,4GmfPQ4eKxx,Brazil
625,Mommy,Harrower,mharrowerhc@nyu.edu,mharrowerhc,1UD1k03,Liberia
626,Phillis,Ishak,pishakhd@admin.ch,pishakhd,lhJ26G0,France
627,Fredi,Meriot,fmeriothe@washingtonpost.com,fmeriothe,SNyY0M6s,China
628,Melita,Piatkow,mpiatkowhf@nature.com,mpiatkowhf,V7zuOvf,China
629,Cinda,McRavey,cmcraveyhg@wisc.edu,cmcraveyhg,nJ5mDx3jbI,Poland
630,Joya,Breukelman,jbreukelmanhh@xrea.com,jbreukelmanhh,W5johwVUJL,Thailand
631,Izak,Nutley,inutleyhi@bloglovin.com,inutleyhi,cHnq6lI5Adw,Ethiopia
632,Zelma,Mazin,zmazinhj@un.org,zmazinhj,nYx7obSls1c,Indonesia
633,Orazio,Brevitt,obrevitthk@businessinsider.com,obrevitthk,1EGU8e4nTL,Morocco
634,Rudolf,Burriss,rburrisshl@icq.com,rburrisshl,f9OIzq,Malaysia
635,Taddeo,Truggian,ttruggianhm@canalblog.com,ttruggianhm,V108EWFEoK2,France
636,Meara,Paggitt,mpaggitthn@deviantart.com,mpaggitthn,PT5ZfyusqpZ,Indonesia
637,Dimitri,Sneesbie,dsneesbieho@prweb.com,dsneesbieho,z1fjiSRqF,Indonesia
638,Dori,Matskevich,dmatskevichhp@usda.gov,dmatskevichhp,rN2FV4D5kjC,China
639,Calvin,Kearey,ckeareyhq@berkeley.edu,ckeareyhq,NWK8Ux,Poland
640,Rowney,Lilliman,rlillimanhr@hhs.gov,rlillimanhr,Lv8oE310X3,Indonesia
641,Nathalie,Comsty,ncomstyhs@slate.com,ncomstyhs,mgaxCkPFe,Portugal
642,Gordy,Walkingshaw,gwalkingshawht@quantcast.com,gwalkingshawht,wXwosPFZJJI,Namibia
643,Gregorius,Roscam,groscamhu@sogou.com,groscamhu,xk2eLNqoN,China
644,Nissy,Casford,ncasfordhv@360.cn,ncasfordhv,AJDakVK1bcDX,Poland
645,Marian,Findlay,mfindlayhw@ucoz.ru,mfindlayhw,UBZRD3X,Colombia
646,Karolina,Talman,ktalmanhx@ocn.ne.jp,ktalmanhx,zyV4qOJRCZI,China
647,Tristan,Ferries,tferrieshy@sitemeter.com,tferrieshy,qyGhLKP9F6ez,United States
648,Norrie,Hebborne,nhebbornehz@flickr.com,nhebbornehz,zUse8FQwK7,Japan
649,Coralyn,Screach,cscreachi0@biblegateway.com,cscreachi0,qD00NyH,Brazil
650,Renie,Baden,rbadeni1@instagram.com,rbadeni1,twkpInb1,Poland
651,Burch,Jerisch,bjerischi2@fotki.com,bjerischi2,emk3HhFI,France
652,Kain,Gloves,kglovesi3@elpais.com,kglovesi3,krdCzseJXXyc,China
653,Micheil,McAndrew,mmcandrewi4@slideshare.net,mmcandrewi4,vcvVPRxxY,Bulgaria
654,Jenine,Deathridge,jdeathridgei5@ustream.tv,jdeathridgei5,YvRrMv76,Mexico
655,Dorthea,Crucitti,dcrucittii6@squidoo.com,dcrucittii6,SAb3g3Y5,Chile
656,Geraldine,Beaufoy,gbeaufoyi7@tmall.com,gbeaufoyi7,Gd2LtNeA6dp,Philippines
657,Killian,Rosell,kroselli8@time.com,kroselli8,92h2cZ,Canada
658,Mahala,Trussman,mtrussmani9@reference.com,mtrussmani9,vw6kAxU5Yzi,Russia
659,Bea,Filyakov,bfilyakovia@twitter.com,bfilyakovia,OJAAe9,Indonesia
660,Delano,Skevington,dskevingtonib@walmart.com,dskevingtonib,azWgLZD,Indonesia
661,Hank,Cordner,hcordneric@uol.com.br,hcordneric,rT3HFoauK,Portugal
662,Ernesta,Poutress,epoutressid@so-net.ne.jp,epoutressid,DbxbRT7gz,Ukraine
663,Artie,Leal,alealie@goo.ne.jp,alealie,OnXLDYhYr8w6,Czech Republic
664,Kikelia,Grigorio,kgrigorioif@hexun.com,kgrigorioif,RXergz,Brazil
665,Alexei,Deverock,adeverockig@tumblr.com,adeverockig,NKCdQLTx9X,Brazil
666,Verla,Farfolomeev,vfarfolomeevih@salon.com,vfarfolomeevih,nuFFj6,Russia
667,Brnaba,Shorland,bshorlandii@about.com,bshorlandii,oXBIBvr1V0,Djibouti
668,Fenelia,Harberer,fharbererij@histats.com,fharbererij,Z1w5jgaj,Afghanistan
669,Warren,Benech,wbenechik@opensource.org,wbenechik,PaZaar,Indonesia
670,Nikkie,Sickert,nsickertil@bloglines.com,nsickertil,R6GduotWzI,Peru
671,Jenilee,Harbidge,jharbidgeim@whitehouse.gov,jharbidgeim,qu6txP,China
672,Yorgo,Hoyes,yhoyesin@gizmodo.com,yhoyesin,E90D26Zba7,Cuba
673,Lorry,Andrea,landreaio@google.com.hk,landreaio,8Mg6m0N,France
674,Matti,Southcombe,msouthcombeip@ehow.com,msouthcombeip,FKX9ZYR,North Korea
675,Miles,Oxshott,moxshottiq@yahoo.co.jp,moxshottiq,2Hi4tmigrs,Portugal
676,Dewey,Davidesco,ddavidescoir@eepurl.com,ddavidescoir,ZbHMFYKIAp,Mexico
677,Stewart,MacKeig,smackeigis@nhs.uk,smackeigis,yEtSqmMcafem,Canada
678,Mona,Oty,motyit@springer.com,motyit,JuVYfrk7A,Brazil
679,El,Forestel,eforesteliu@redcross.org,eforesteliu,6hKASBII,Brazil
680,Carol-jean,Coleiro,ccoleiroiv@shutterfly.com,ccoleiroiv,QCzrRTTnOb,China
681,Renado,Bettles,rbettlesiw@oaic.gov.au,rbettlesiw,hxZCGOO,Mongolia
682,Joete,MacCoughan,jmaccoughanix@house.gov,jmaccoughanix,geirWehusaRV,Russia
683,Leigha,Maton,lmatoniy@uiuc.edu,lmatoniy,I3LpmQYAHPbC,China
684,Ilaire,Delahunty,idelahuntyiz@cam.ac.uk,idelahuntyiz,cBa8bH,Chile
685,Genovera,Castledine,gcastledinej0@marketwatch.com,gcastledinej0,67UAttH,Indonesia
686,Nancey,Deehan,ndeehanj1@cbsnews.com,ndeehanj1,l3s5MAG5y5l,Indonesia
687,Shirlee,Hintze,shintzej2@yandex.ru,shintzej2,OfTf69l,Philippines
688,Crissy,Tassel,ctasselj3@nature.com,ctasselj3,V72K3fO,Russia
689,Gav,Paler,gpalerj4@weebly.com,gpalerj4,6u1XXpxlqTg,China
690,Anthony,Scarrisbrick,ascarrisbrickj5@techcrunch.com,ascarrisbrickj5,f8cnc0JI,Kenya
691,Tiphany,Peele,tpeelej6@army.mil,tpeelej6,njDccJ,Bosnia and Herzegovina
692,Kelly,Liles,klilesj7@deliciousdays.com,klilesj7,OAmlaweaUUT,Azerbaijan
693,Ottilie,Innwood,oinnwoodj8@soup.io,oinnwoodj8,HuNDkNcusP,Indonesia
694,Johnath,Baus,jbausj9@statcounter.com,jbausj9,QGPnGFZ,Indonesia
695,Lorita,Jerrolt,ljerroltja@accuweather.com,ljerroltja,VWemzeVgUgT9,Indonesia
696,Alair,Spraggon,aspraggonjb@ed.gov,aspraggonjb,Ycs10URblK3,Sweden
697,Chickie,Reffe,creffejc@dailymotion.com,creffejc,YuzGmHmDx,Costa Rica
698,Welsh,Layus,wlayusjd@cyberchimps.com,wlayusjd,o1S4k7xF01,Azerbaijan
699,Mar,Gittis,mgittisje@weebly.com,mgittisje,0L7EBzJLyKi,China
700,Denis,Hemmingway,dhemmingwayjf@miitbeian.gov.cn,dhemmingwayjf,ojQDP91,United States
701,Veronika,Coverlyn,vcoverlynjg@hostgator.com,vcoverlynjg,4TZniymimPxu,Poland
702,Chere,Baggarley,cbaggarleyjh@oakley.com,cbaggarleyjh,3nToqfg,Mexico
703,Elianora,Van Rembrandt,evanrembrandtji@tinypic.com,evanrembrandtji,2ipMIhSUZS,Kazakhstan
704,Reinold,Steffens,rsteffensjj@flickr.com,rsteffensjj,NlJ2ZMZhDwq,Philippines
705,Angeline,Minihane,aminihanejk@csmonitor.com,aminihanejk,1pCctbFDonD,Sweden
706,Kelwin,Alejandre,kalejandrejl@dedecms.com,kalejandrejl,mMUfez9,Philippines
707,Drugi,Unwins,dunwinsjm@imageshack.us,dunwinsjm,NXpRsP,Colombia
708,Katya,Trood,ktroodjn@purevolume.com,ktroodjn,ZV2GYN5q8GO,Canada
709,Ellynn,Helmke,ehelmkejo@tinyurl.com,ehelmkejo,f7DFaL9iPmqn,Thailand
710,Mayne,Humberstone,mhumberstonejp@canalblog.com,mhumberstonejp,C6Hfho4,China
711,Gustavus,Bachs,gbachsjq@omniture.com,gbachsjq,N7lKMmNp,Portugal
712,Gloriane,McNair,gmcnairjr@berkeley.edu,gmcnairjr,CyAVJYp3viyC,Philippines
713,Inglis,Rodmell,irodmelljs@technorati.com,irodmelljs,rmw0LvZBy9al,Thailand
714,Gabriele,Lambell,glambelljt@netscape.com,glambelljt,RdOk65QWGFx,Poland
715,Lorene,Peizer,lpeizerju@nbcnews.com,lpeizerju,dEQQOws,Brazil
716,Broderic,Raddish,braddishjv@marriott.com,braddishjv,jvgeUWaJPxJa,Indonesia
717,Andra,Evans,aevansjw@cpanel.net,aevansjw,nl078Fq,Brazil
718,Christy,Vell,cvelljx@oaic.gov.au,cvelljx,zj0PfOtxUXWv,Mongolia
719,Hedvig,Crowdy,hcrowdyjy@squidoo.com,hcrowdyjy,Gtk52rKT6K27,Japan
720,Lissi,Franzke,lfranzkejz@bravesites.com,lfranzkejz,KTe2FUhIOj3V,Czech Republic
721,Caye,Rottery,crotteryk0@google.com.hk,crotteryk0,4suifwAB,Canada
722,Neely,Cowdery,ncowderyk1@netlog.com,ncowderyk1,aaqx0gXA,Spain
723,Noel,Attersoll,nattersollk2@smugmug.com,nattersollk2,P8w1kn,China
724,Carolus,Gogarty,cgogartyk3@soundcloud.com,cgogartyk3,BxiUVYHx,China
725,Brnaba,Redholes,bredholesk4@tripod.com,bredholesk4,XpADJt5fXQJJ,France
726,Daniele,Casterou,dcasterouk5@upenn.edu,dcasterouk5,EPq8t3DFl,Czech Republic
727,Chas,Letts,clettsk6@pagesperso-orange.fr,clettsk6,gLeWpz,Russia
728,Karine,Denny,kdennyk7@smh.com.au,kdennyk7,takg1qu9,Indonesia
729,Armin,Newport,anewportk8@alibaba.com,anewportk8,vPW8XD9,Indonesia
730,Davine,Bromby,dbrombyk9@t-online.de,dbrombyk9,phKecJR,Brazil
731,Dorian,Dryburgh,ddryburghka@uiuc.edu,ddryburghka,fpMSO8vDlC,Finland
732,Imelda,Catlette,icatlettekb@eepurl.com,icatlettekb,rrLm3DfCV8XT,Philippines
733,Care,Siene,csienekc@sakura.ne.jp,csienekc,d4hLj4WaCXq,Canada
734,Arvin,Sine,asinekd@yahoo.com,asinekd,bTYQUw44,Mauritius
735,Waldo,Tamburo,wtamburoke@ezinearticles.com,wtamburoke,Yosf8GHKN4y,China
736,Jaquenetta,Ulyatt,julyattkf@theglobeandmail.com,julyattkf,XmUerj,Sweden
737,Jesus,Wisniewski,jwisniewskikg@upenn.edu,jwisniewskikg,7KxrvyN3,Russia
738,Kalinda,Skerm,kskermkh@ted.com,kskermkh,uVXV6zNl,Vietnam
739,Margaretha,Cecely,mcecelyki@goo.gl,mcecelyki,cxiThEsd,Cyprus
740,Roley,Pisco,rpiscokj@weibo.com,rpiscokj,z5y2FrD,Brazil
741,Lay,Heinrich,lheinrichkk@hhs.gov,lheinrichkk,TDzVafj24U,Poland
742,Panchito,Titmuss,ptitmusskl@jimdo.com,ptitmusskl,h3gX59x8M,China
743,Abe,O' Liddy,aoliddykm@feedburner.com,aoliddykm,QuSXp9xBiE,Indonesia
744,Teodoro,Donalson,tdonalsonkn@ameblo.jp,tdonalsonkn,DjbvkA2GPm1q,Indonesia
745,Karin,Gerrett,kgerrettko@wikispaces.com,kgerrettko,c7NJ0E36oV6,China
746,Mayne,Brookes,mbrookeskp@wix.com,mbrookeskp,wBTSOD,Yemen
747,Fidelity,Boig,fboigkq@digg.com,fboigkq,5c2IEdP102U,Portugal
748,Karleen,Gouldbourn,kgouldbournkr@tiny.cc,kgouldbournkr,9Ha9Ey,Poland
749,Wayland,Annets,wannetsks@ebay.co.uk,wannetsks,8C5TwUFa2V,Georgia
750,Reagen,Berthomier,rberthomierkt@mysql.com,rberthomierkt,nVm5TxD,Morocco
751,Hale,Warbys,hwarbysku@google.co.jp,hwarbysku,UrGbiUo,Portugal
752,Tucker,Elnaugh,telnaughkv@ezinearticles.com,telnaughkv,P4Pk4qL,Mongolia
753,Shanta,Cain,scainkw@tumblr.com,scainkw,fpYryVO30l,Ukraine
754,Correy,Billyeald,cbillyealdkx@craigslist.org,cbillyealdkx,qIDxR8,Ukraine
755,Cam,Whitlow,cwhitlowky@ow.ly,cwhitlowky,iHAt3RZdJza,China
756,Xaviera,Bernardos,xbernardoskz@google.com,xbernardoskz,Xo60KmmhWYHy,Peru
757,Merv,Delmonti,mdelmontil0@google.fr,mdelmontil0,KumECIp,Thailand
758,Lolita,De Castri,ldecastril1@state.gov,ldecastril1,KZUbjc626B,Colombia
759,Ermanno,Summerfield,esummerfieldl2@blog.com,esummerfieldl2,HGv6ta,North Korea
760,Matthaeus,Mixworthy,mmixworthyl3@kickstarter.com,mmixworthyl3,UNDecdM,Philippines
761,Colline,Matschuk,cmatschukl4@newsvine.com,cmatschukl4,YZ3WKyTni5Ek,China
762,Erik,Eard,eeardl5@soundcloud.com,eeardl5,NQDeRkGn,Indonesia
763,Phillida,Cholton,pcholtonl6@smugmug.com,pcholtonl6,RlwGLALK9,Uzbekistan
764,Packston,Lakin,plakinl7@over-blog.com,plakinl7,EI2lMj80,Indonesia
765,Cirilo,McShea,cmcsheal8@is.gd,cmcsheal8,2UQQQE8V,United States
766,Jena,Hengoed,jhengoedl9@japanpost.jp,jhengoedl9,dGyBAhEsz,Nauru
767,Gherardo,Inett,ginettla@admin.ch,ginettla,Va0oJ0UMzQ,Russia
768,Camile,Meneer,cmeneerlb@imgur.com,cmeneerlb,P0wgonpC7,Sweden
769,Cookie,Kleinplatz,ckleinplatzlc@deliciousdays.com,ckleinplatzlc,qFxYQN,Philippines
770,Zolly,Shaddock,zshaddockld@howstuffworks.com,zshaddockld,ZKNvO4CjyOIm,Nigeria
771,Herve,Bonallack,hbonallackle@lycos.com,hbonallackle,ApPsRgY4YJ,Indonesia
772,Alphonse,Gladdin,agladdinlf@earthlink.net,agladdinlf,x39PzeP,Netherlands
773,Darci,Dumblton,ddumbltonlg@pinterest.com,ddumbltonlg,iHRyPu7q,China
774,Constantine,Oakman,coakmanlh@addthis.com,coakmanlh,RhTa9r1bUrn,Japan
775,Brnaba,Labrum,blabrumli@techcrunch.com,blabrumli,uGH0RaWxLB,Spain
776,Culver,Irce,circelj@studiopress.com,circelj,zIEgNiyO0,Russia
777,Lorry,Sheehan,lsheehanlk@netlog.com,lsheehanlk,DDk4QnFnO,France
778,Ferd,Matelyunas,fmatelyunasll@hc360.com,fmatelyunasll,MmHi1GeiDya0,Brazil
779,Sheree,Vannikov,svannikovlm@abc.net.au,svannikovlm,JqSOTFo98xf,China
780,Mariellen,Holhouse,mholhouseln@1und1.de,mholhouseln,bvEJkXGe,Philippines
781,Joelie,Guilbert,jguilbertlo@marriott.com,jguilbertlo,KcBlglNUYq3,China
782,Wait,Basile,wbasilelp@dedecms.com,wbasilelp,p4XjEat,South Sudan
783,Genevra,Radolf,gradolflq@cbslocal.com,gradolflq,unqIJ0ZnhrEG,Ukraine
784,Iosep,Whitehorne,iwhitehornelr@clickbank.net,iwhitehornelr,5Z9jjRsI,United States
785,Kris,Trahearn,ktrahearnls@nytimes.com,ktrahearnls,GHtyy1ptfh6,Croatia
786,Lettie,Ferraron,lferraronlt@woothemes.com,lferraronlt,RGBO0QT,China
787,Constantia,Matfin,cmatfinlu@icq.com,cmatfinlu,SGUKJqP,Indonesia
788,Bevvy,Tipping,btippinglv@bloglovin.com,btippinglv,ffr3Yw,Indonesia
789,Timothy,Macconaghy,tmacconaghylw@ebay.com,tmacconaghylw,DvqyjUhWQkf,Tanzania
790,Brigida,Rushbrook,brushbrooklx@jiathis.com,brushbrooklx,t50DlX0zeL,Russia
791,Marci,McDowell,mmcdowellly@ed.gov,mmcdowellly,0QbYne,Luxembourg
792,Renelle,Yele,ryelelz@cargocollective.com,ryelelz,Q2nBsLFZa24g,Japan
793,Elberta,Donaghy,edonaghym0@aboutads.info,edonaghym0,CR9ey9V1,Philippines
794,Joleen,Cranke,jcrankem1@feedburner.com,jcrankem1,FGTOcchtdYZ2,Philippines
795,Camellia,Primak,cprimakm2@storify.com,cprimakm2,tKzVViXQ,Indonesia
796,Wilhelmine,Newcom,wnewcomm3@cisco.com,wnewcomm3,sD7pKKSjJ,Philippines
797,Patric,Cox,pcoxm4@w3.org,pcoxm4,dC0RtxhDi5Vj,Brazil
798,Carlo,Docksey,cdockseym5@java.com,cdockseym5,s871y9ziU,Russia
799,Leia,Shiell,lshiellm6@ebay.com,lshiellm6,TxJYDATB9208,Indonesia
800,Ab,Royse,aroysem7@newsvine.com,aroysem7,T50lJh4mcMa,China
801,Zea,Bransden,zbransdenm8@chron.com,zbransdenm8,iWY6mkDO955J,Bosnia and Herzegovina
802,Cynthy,Pendrick,cpendrickm9@ebay.co.uk,cpendrickm9,zBFz8cFxeOm,Ukraine
803,Cass,Peddel,cpeddelma@sciencedirect.com,cpeddelma,zfaex0nh7kRS,United States
804,Andrea,Chastan,achastanmb@dmoz.org,achastanmb,t1rThnBP,France
805,Brand,Matovic,bmatovicmc@google.pl,bmatovicmc,ozOtRZOxyozB,Iran
806,Edmon,Jaspar,ejasparmd@webnode.com,ejasparmd,KO8e5M3,China
807,Malorie,Evreux,mevreuxme@ezinearticles.com,mevreuxme,pvtPni,Russia
808,Danell,Ranklin,dranklinmf@hatena.ne.jp,dranklinmf,8a0zuKoq8BNN,China
809,Mill,Thunders,mthundersmg@gravatar.com,mthundersmg,szhchgG4T0N,Afghanistan
810,Josefina,Meron,jmeronmh@hostgator.com,jmeronmh,Mg5kUWUrZVP,Indonesia
811,Jessy,Souster,jsoustermi@samsung.com,jsoustermi,mg1BYz,Pakistan
812,Ive,Sawforde,isawfordemj@ebay.com,isawfordemj,OJpCtrvAU,Sweden
813,Gerti,Le Marquand,glemarquandmk@ibm.com,glemarquandmk,JEzqOoXx53,Ukraine
814,Caroline,Izhaky,cizhakyml@apple.com,cizhakyml,dU1a3P,Indonesia
815,Christi,Meese,cmeesemm@liveinternet.ru,cmeesemm,FLUW1e9j,Greece
816,Gasparo,Lints,glintsmn@squidoo.com,glintsmn,PbugWPFcQ,Brazil
817,Jameson,Sweetmore,jsweetmoremo@bluehost.com,jsweetmoremo,qpmS3G020Nu,Indonesia
818,Valene,Noel,vnoelmp@linkedin.com,vnoelmp,ZaApIv,China
819,Hansiain,Vasovic,hvasovicmq@clickbank.net,hvasovicmq,Weg4JHkn,China
820,Carlos,Ritter,crittermr@icq.com,crittermr,g2FylV,Thailand
821,Claribel,Buggs,cbuggsms@lulu.com,cbuggsms,aU4viU0ElUS,Guinea
822,Dorisa,Sitford,dsitfordmt@opensource.org,dsitfordmt,7C2334n0,Finland
823,Rabi,O'Flynn,roflynnmu@constantcontact.com,roflynnmu,t5lKPU,Bangladesh
824,Eveleen,Kevern,ekevernmv@unc.edu,ekevernmv,jMw1aoyZ,China
825,Catina,Wellings,cwellingsmw@java.com,cwellingsmw,WPDFW651L1OM,Argentina
826,Michal,Culshew,mculshewmx@wix.com,mculshewmx,k2KZq3Mgxp,China
827,Laurie,Aspray,laspraymy@ezinearticles.com,laspraymy,WLG3suztNx5,Czech Republic
828,Annadiane,Ablewhite,aablewhitemz@reference.com,aablewhitemz,hMS74sE4LhJd,Poland
829,Kaleb,Copplestone,kcopplestonen0@netvibes.com,kcopplestonen0,PxYljqV21N,Ecuador
830,Reinaldos,Penniell,rpennielln1@fastcompany.com,rpennielln1,vAFyvTw3,China
831,Consuela,Saice,csaicen2@sakura.ne.jp,csaicen2,Ta6gndX,Indonesia
832,Giselbert,Gontier,ggontiern3@biblegateway.com,ggontiern3,QogJS4TvJ7,Bangladesh
833,Aubrette,Purser,apursern4@stanford.edu,apursern4,h3RiqWD,Indonesia
834,Whittaker,McKevin,wmckevinn5@yellowbook.com,wmckevinn5,V6FhkofSc5ai,China
835,Gaby,Szapiro,gszapiron6@list-manage.com,gszapiron6,sLu5GqX,Dominican Republic
836,Tobiah,Wingfield,twingfieldn7@tmall.com,twingfieldn7,QgoA54Y0,Nepal
837,Devlen,Josskoviz,djosskovizn8@behance.net,djosskovizn8,qJ1RT8AoA,China
838,Andree,Colliver,acollivern9@icq.com,acollivern9,DcVCZqbliBtI,China
839,Stefan,Lindemann,slindemannna@paypal.com,slindemannna,RLG41p,Japan
840,Hansiain,Mistry,hmistrynb@youtube.com,hmistrynb,SM2CA0ys,United States
841,Bradly,Billes,bbillesnc@nationalgeographic.com,bbillesnc,CgvMR5T,Ireland
842,Cleve,Gleadhell,cgleadhellnd@accuweather.com,cgleadhellnd,CQNl4M7y5,Afghanistan
843,Ursala,McDonell,umcdonellne@soundcloud.com,umcdonellne,aWFX1iXgSS,China
844,Patricio,Bloxsum,pbloxsumnf@dailymail.co.uk,pbloxsumnf,k61z3ZdR95,Luxembourg
845,Chaddie,Wiley,cwileyng@seattletimes.com,cwileyng,f8BVfzTWNuZr,China
846,Simone,Gerwood,sgerwoodnh@hp.com,sgerwoodnh,OSqWNY,Thailand
847,Bram,Langforth,blangforthni@ftc.gov,blangforthni,tv3o0g811Trx,Central African Republic
848,Guillaume,Mielnik,gmielniknj@techcrunch.com,gmielniknj,nB9xFOdwDCHx,Canada
849,Steve,Van't Hoff,svanthoffnk@dmoz.org,svanthoffnk,GcBQV6Pps3,Croatia
850,Giraldo,Talks,gtalksnl@symantec.com,gtalksnl,E98D6Xy1,China
851,Bonnie,Joppich,bjoppichnm@parallels.com,bjoppichnm,toWGry,China
852,Shayla,Packington,spackingtonnn@pen.io,spackingtonnn,5syfK5L1Q2eF,Iran
853,Gerick,Pardew,gpardewno@bravesites.com,gpardewno,6DBDzTK59,Bosnia and Herzegovina
854,Hewett,Mc Harg,hmchargnp@jalbum.net,hmchargnp,esswxwk,Canada
855,Rutter,Sutherley,rsutherleynq@friendfeed.com,rsutherleynq,1WLkvIaYN2,China
856,Jacintha,Normanville,jnormanvillenr@miibeian.gov.cn,jnormanvillenr,TlJYGUXH,Philippines
857,Madelon,Fendlen,mfendlenns@wisc.edu,mfendlenns,rcuiyGaucJdP,Luxembourg
858,Jori,Starte,jstartent@tinyurl.com,jstartent,VeRidXcSN,Indonesia
859,Othelia,Hatton,ohattonnu@dot.gov,ohattonnu,AGCAc9Kia,Canada
860,Tommie,Boerder,tboerdernv@hp.com,tboerdernv,GK3Jv5U,Brazil
861,Tucker,Utley,tutleynw@simplemachines.org,tutleynw,h6cGlKEY,Indonesia
862,Philomena,Raynard,praynardnx@topsy.com,praynardnx,Ci9KyJ,Togo
863,Ferdy,Manders,fmandersny@illinois.edu,fmandersny,Nl9u3z9e,Thailand
864,Fidelia,Bridal,fbridalnz@geocities.com,fbridalnz,go1dSdK88ax,Serbia
865,Darci,Dillamore,ddillamoreo0@amazonaws.com,ddillamoreo0,AuiOEe,Indonesia
866,Ignatius,Kulas,ikulaso1@businessinsider.com,ikulaso1,pCj4iXZjp,Indonesia
867,Deanna,Giamitti,dgiamittio2@latimes.com,dgiamittio2,224kzw,Portugal
868,Isaak,Gallard,igallardo3@tuttocitta.it,igallardo3,tGVXjsx18,Kazakhstan
869,Fransisco,Gibberd,fgibberdo4@sitemeter.com,fgibberdo4,7r0R7F4LpNnD,Finland
870,Flossi,Hughes,fhugheso5@wunderground.com,fhugheso5,xnHX4d4,Montenegro
871,Clara,Bletcher,cbletchero6@plala.or.jp,cbletchero6,4EV6wCGvPEXf,Mexico
872,Nikoletta,Cron,ncrono7@spotify.com,ncrono7,m3AkVXWE7bN5,Greece
873,Dolorita,Lyles,dlyleso8@fastcompany.com,dlyleso8,GwpFqC0I,Indonesia
874,Melanie,Claeskens,mclaeskenso9@flickr.com,mclaeskenso9,R2NA1XA9Um3L,Reunion
875,Zandra,Guyton,zguytonoa@pinterest.com,zguytonoa,yjgGoH1boC,Indonesia
876,Galina,Danielis,gdanielisob@nasa.gov,gdanielisob,lEITmbFGYs,Indonesia
877,Nollie,Stitcher,nstitcheroc@vinaora.com,nstitcheroc,GLAOwumd,China
878,Billie,Fronczak,bfronczakod@go.com,bfronczakod,4VItLoraYzhd,Russia
879,Virginie,Dabourne,vdabourneoe@seattletimes.com,vdabourneoe,H8xqCi4o,China
880,Jacob,Yankov,jyankovof@last.fm,jyankovof,ulLYdyT6,Nigeria
881,Gipsy,Fairholme,gfairholmeog@google.com.br,gfairholmeog,rldgC3,China
882,Lelia,Blaik,lblaikoh@flavors.me,lblaikoh,IJdrawulZbDq,Mozambique
883,Vincenz,Menpes,vmenpesoi@altervista.org,vmenpesoi,U2yVzyn,Poland
884,Modestia,Liddel,mliddeloj@apache.org,mliddeloj,3Rljy1c,Burkina Faso
885,Jesus,Krause,jkrauseok@usnews.com,jkrauseok,li7MHL,Brazil
886,Valaree,Cloney,vcloneyol@rediff.com,vcloneyol,3HU4gzUoUx4,Portugal
887,Torr,Seeley,tseeleyom@hubpages.com,tseeleyom,CanlVv,Albania
888,Zulema,Gabbitus,zgabbituson@mediafire.com,zgabbituson,GafeA2l,Indonesia
889,Alisa,Cluckie,acluckieoo@google.com,acluckieoo,U3cL8NxZUQu,Philippines
890,Gareth,Shevlan,gshevlanop@mashable.com,gshevlanop,LH0pDlAs1,Indonesia
891,Daune,Pell,dpelloq@princeton.edu,dpelloq,S9FboK2CpK3,Greece
892,Gregg,Owens,gowensor@indiegogo.com,gowensor,SyEYPUgrYx9Z,Greece
893,Frankie,Dorning,fdorningos@free.fr,fdorningos,duHleNI,France
894,Alvis,Wurz,awurzot@deliciousdays.com,awurzot,BUUeuf0Kh,Russia
895,Ulrika,Coveny,ucovenyou@netvibes.com,ucovenyou,dXBbd0tc,Indonesia
896,Hatti,Blair,hblairov@forbes.com,hblairov,tgW8CUrGo,United States
897,Tonya,Sealeaf,tsealeafow@wordpress.org,tsealeafow,WyAw4PDN,Armenia
898,Carolee,Eastment,ceastmentox@tmall.com,ceastmentox,ZXUpn6Tnn,Philippines
899,Sallyann,Beamont,sbeamontoy@blogspot.com,sbeamontoy,PIFy8z,Philippines
900,Anselma,McGowing,amcgowingoz@sfgate.com,amcgowingoz,2MGmjAQk,United States
901,Yalonda,De Gowe,ydegowep0@seattletimes.com,ydegowep0,WwJjUz9,Yemen
902,Silvio,Robjant,srobjantp1@cnet.com,srobjantp1,lSJBlKUiQZQ,Venezuela
903,Marcia,Sturley,msturleyp2@amazonaws.com,msturleyp2,bjUBfe4,Sweden
904,Richard,Marini,rmarinip3@odnoklassniki.ru,rmarinip3,l4tQsfOG,Mongolia
905,Stearn,Colvie,scolviep4@4shared.com,scolviep4,pbZom8Z1h,Indonesia
906,Berton,McNickle,bmcnicklep5@npr.org,bmcnicklep5,QD2gtY,Tunisia
907,Keelia,McCarthy,kmccarthyp6@google.co.uk,kmccarthyp6,ubKxjqbnTGU,United States
908,Jacquenette,Beebe,jbeebep7@issuu.com,jbeebep7,QyvtigM,China
909,Roscoe,Hughesdon,rhughesdonp8@studiopress.com,rhughesdonp8,svkr1iywj0,Tunisia
910,Baudoin,Gilkison,bgilkisonp9@paypal.com,bgilkisonp9,VVckhCPQ,Portugal
911,Kay,Burkinshaw,kburkinshawpa@paginegialle.it,kburkinshawpa,AeJP6m38C96W,Ukraine
912,Pandora,Everitt,peverittpb@wiley.com,peverittpb,o8Iz1wGtMR9n,Indonesia
913,Armando,Braksper,abraksperpc@arstechnica.com,abraksperpc,8DqgQQvdH,China
914,Randy,Keppel,rkeppelpd@wordpress.org,rkeppelpd,E9YFBxM,China
915,Moyna,O'Kennedy,mokennedype@eepurl.com,mokennedype,8DdNaZo079dP,France
916,Cosimo,Bye,cbyepf@xrea.com,cbyepf,JFvcN7Am5X9J,Philippines
917,Joey,Ferry,jferrypg@apple.com,jferrypg,ZbuZKBt78HQN,Syria
918,Marta,Hagan,mhaganph@xinhuanet.com,mhaganph,bYXaTel0,Indonesia
919,Budd,McDermott,bmcdermottpi@oracle.com,bmcdermottpi,etYxCkD5vFm,Sweden
920,Angelita,Braune,abraunepj@github.com,abraunepj,hZci2OfmWd,Poland
921,Erroll,Cicci,eciccipk@macromedia.com,eciccipk,t7iObHREQ,Indonesia
922,Leodora,O'Lenechan,lolenechanpl@prnewswire.com,lolenechanpl,FGbbLB,Mexico
923,Cheston,Leete,cleetepm@mayoclinic.com,cleetepm,JvKSvmPJz,Portugal
924,Dore,Scrymgeour,dscrymgeourpn@feedburner.com,dscrymgeourpn,Bv68uPJr,Macedonia
925,Sam,Dudson,sdudsonpo@istockphoto.com,sdudsonpo,UKWgXhsd,Argentina
926,Bradford,Avory,bavorypp@bloglovin.com,bavorypp,xu6oXXs,Canada
927,Lilly,Stoite,lstoitepq@unicef.org,lstoitepq,ocnxNZU,Brazil
928,Fidelia,Plows,fplowspr@wsj.com,fplowspr,7uiW0awIiKf,Indonesia
929,Glenden,Dallas,gdallasps@jigsy.com,gdallasps,oBtv0UWatA,Yemen
930,Nicol,Sommerland,nsommerlandpt@ocn.ne.jp,nsommerlandpt,1BdMUmv,Micronesia
931,Wainwright,Parkhouse,wparkhousepu@fc2.com,wparkhousepu,ojjXI0Cfi1CJ,Georgia
932,Crissie,Guilliland,cguillilandpv@samsung.com,cguillilandpv,7mRAz4mEFfKr,Czech Republic
933,Vasily,Rudeyeard,vrudeyeardpw@reverbnation.com,vrudeyeardpw,FUTRO5Wza5,Poland
934,Shelia,Kerridge,skerridgepx@cdc.gov,skerridgepx,J5y1ulI,Philippines
935,Owen,De Gregoli,odegregolipy@forbes.com,odegregolipy,kEh4cLp,Poland
936,Darill,Denyukhin,ddenyukhinpz@admin.ch,ddenyukhinpz,yzzHi2QsL,Russia
937,Odey,Goodridge,ogoodridgeq0@creativecommons.org,ogoodridgeq0,rBh56JvsX,Bangladesh
938,Dore,McDonnell,dmcdonnellq1@feedburner.com,dmcdonnellq1,W5zOojy,Japan
939,Natalya,MacLaverty,nmaclavertyq2@reverbnation.com,nmaclavertyq2,x58nSK3,Macedonia
940,Ailee,Posner,aposnerq3@shareasale.com,aposnerq3,AJfRXWDfjYXe,Slovenia
941,Nettie,Shadrach,nshadrachq4@weather.com,nshadrachq4,6yN5ZQ2JYY,Sweden
942,Aurel,Panchen,apanchenq5@joomla.org,apanchenq5,rvRGnuI7,China
943,Muire,Fierro,mfierroq6@disqus.com,mfierroq6,ZqDlJP9i1K,Sweden
944,Barret,Fogg,bfoggq7@nps.gov,bfoggq7,H4oO7ZnI,Vietnam
945,Viviyan,Ulrik,vulrikq8@statcounter.com,vulrikq8,NI2hG2PKxYh,China
946,Kendall,Kentish,kkentishq9@wordpress.com,kkentishq9,6rUIAdh5cu,Portugal
947,Amandie,Marriot,amarriotqa@aboutads.info,amarriotqa,HPxgzWMWz,Indonesia
948,Trisha,Sellwood,tsellwoodqb@chronoengine.com,tsellwoodqb,VGSAudMz,France
949,Sheelah,Pidcock,spidcockqc@typepad.com,spidcockqc,B94prcjIS,Russia
950,Ignatius,Daniell,idaniellqd@icio.us,idaniellqd,eNuv6C,Portugal
951,Belita,Riddles,briddlesqe@macromedia.com,briddlesqe,RuCiBRcI59,Poland
952,Gaby,Ormesher,gormesherqf@patch.com,gormesherqf,XcXQ1t,Poland
953,Rosabelle,Camin,rcaminqg@independent.co.uk,rcaminqg,Yl6xNTO,Mongolia
954,Sophronia,Trowell,strowellqh@hubpages.com,strowellqh,sD42qvhS3C,Philippines
955,Leland,Puddan,lpuddanqi@opera.com,lpuddanqi,APQAoNh,China
956,Fidelio,Gockelen,fgockelenqj@ed.gov,fgockelenqj,ItvmxXjNO,Czech Republic
957,Holly,Northover,hnorthoverqk@nature.com,hnorthoverqk,Ylb0N7f,Argentina
958,Claudell,Gove,cgoveql@zdnet.com,cgoveql,gxZ7Ev2Z,Peru
959,Clare,Klaffs,cklaffsqm@china.com.cn,cklaffsqm,04RiHzee,Brazil
960,Andriana,Culshaw,aculshawqn@dion.ne.jp,aculshawqn,uvnKe4xVk2Ey,Indonesia
961,Camilla,Bonwick,cbonwickqo@cdbaby.com,cbonwickqo,fXEX4jKVG17P,Indonesia
962,Krissie,Van den Broek,kvandenbroekqp@google.co.jp,kvandenbroekqp,YAjkAPmOqMg,China
963,Codi,Sackett,csackettqq@arstechnica.com,csackettqq,RB4DcE1B8,China
964,Meghann,Daughtrey,mdaughtreyqr@livejournal.com,mdaughtreyqr,0lyxHHjd42L,Syria
965,Bendick,Flipsen,bflipsenqs@ucla.edu,bflipsenqs,w31oEf6L,Indonesia
966,Bethanne,Strute,bstruteqt@sbwire.com,bstruteqt,woteMVL7f,China
967,Jason,Entres,jentresqu@tinyurl.com,jentresqu,BkQMnwZ,Canada
968,Emelia,Fegan,efeganqv@woothemes.com,efeganqv,zssrW7K,United States
969,Arel,Khadir,akhadirqw@comcast.net,akhadirqw,XPB4eNkrY,France
970,Linda,Dyson,ldysonqx@163.com,ldysonqx,6UfKH7vi3n,Portugal
971,Sibley,Duny,sdunyqy@eepurl.com,sdunyqy,Oq9Ej8,Brazil
972,Heda,Mildenhall,hmildenhallqz@devhub.com,hmildenhallqz,eepPATqZT,Indonesia
973,Carly,Rosenfarb,crosenfarbr0@freewebs.com,crosenfarbr0,CsyYLbMrhG,Thailand
974,Ernestine,Feye,efeyer1@yale.edu,efeyer1,0Udkt9TlW,United States
975,Anstice,Turpey,aturpeyr2@jugem.jp,aturpeyr2,8z9NaIXaS,Russia
976,Della,McCue,dmccuer3@hhs.gov,dmccuer3,h9nEKGtq,Portugal
977,Cheri,Robjant,crobjantr4@tamu.edu,crobjantr4,0IVETF,China
978,Reinald,Stollenhof,rstollenhofr5@technorati.com,rstollenhofr5,y7MDMby4MS8,Brazil
979,Chelsey,Boxhill,cboxhillr6@odnoklassniki.ru,cboxhillr6,BD4tMa8Dgg,New Caledonia
980,Alric,Duffree,aduffreer7@stumbleupon.com,aduffreer7,UHCU1WibJO99,Indonesia
981,Margareta,Rebeiro,mrebeiror8@ebay.co.uk,mrebeiror8,zq8Q6Bw84,United States
982,Almeta,Newe,anewer9@fotki.com,anewer9,mnBiIFZ,Colombia
983,Raf,Schutt,rschuttra@nps.gov,rschuttra,kzBt7l5,Indonesia
984,Tara,Budik,tbudikrb@last.fm,tbudikrb,DKV1co8j,Brazil
985,Ulrika,Surcombe,usurcomberc@skyrock.com,usurcomberc,C0RSPuM65b,China
986,Brien,Seeds,bseedsrd@rediff.com,bseedsrd,o2dZVB,El Salvador
987,Lynnelle,Kerrod,lkerrodre@vimeo.com,lkerrodre,mLmajY,North Korea
988,Rubie,Stewartson,rstewartsonrf@pbs.org,rstewartsonrf,OVa5YKGLd,Venezuela
989,Elicia,Furby,efurbyrg@indiegogo.com,efurbyrg,uo2UZOsMsMGS,United Kingdom
990,Etienne,Scarlon,escarlonrh@dailymotion.com,escarlonrh,sQ7DTPgG7,China
991,Eal,Jaquin,ejaquinri@domainmarket.com,ejaquinri,JyviDg5yVQXD,Indonesia
992,June,Tobias,jtobiasrj@hubpages.com,jtobiasrj,g0SbqLnj4KD,Ivory Coast
993,Saraann,Custard,scustardrk@jugem.jp,scustardrk,lUFkTs,Russia
994,Trenton,Katt,tkattrl@homestead.com,tkattrl,9qO5NvnqL,Croatia
995,Aurora,Durham,adurhamrm@mail.ru,adurhamrm,O2xuHoGMGI6,Ukraine
996,Alex,Rowantree,arowantreern@csmonitor.com,arowantreern,VvcCzOcFbeRO,Czech Republic
997,Car,Goullee,cgoulleero@ucoz.com,cgoulleero,enWMxQOwq,Germany
998,Lanae,Broomer,lbroomerrp@trellian.com,lbroomerrp,VNeOGj0tvN1J,Brazil
999,Caitrin,Burdekin,cburdekinrq@cbc.ca,cburdekinrq,Gqe3rr,United States
1000,Giavani,Fruser,gfruserrr@joomla.org,gfruserrr,6JSIkAGwGd,Peru
